"병원ID","의사ID","이름","약력","이미지","삭제 여부(1: 삭제)"
"7ec04e814d72451aae437b6f13be2905","a3ac042e83db4610a3884dc5ab329b6c","원장 윤혜리","정신건강의학과 전문의 
 
 
 서울대학교 의과대학 졸업
 서울대학교병원 인턴 수련
 서울대학교병원 정신건강의학과 전공의 수련
 
 
 대한 신경정신의학회 정회원
 대한 노인 정신의학회 정회원
 대한 부부가족치료 연구회 소속
 한국 정신분석학회 심층 정신 치료 과정 수료
 한국 정신분석학회 정회원
 국제정신분석학회(IPA) Allied Center 정회원
 국제정신분석학회(IPA) KPSG 국제정신분석가 과정
 전)한국정신분석학회 무임소 이사
 현)분당서울대학교병원 정신건강의학과 외래 겸임교수","","0"
"f04cff9238254ef1a59744759a0c6204","503b672d4dc5491eb1a5ad83dc37445d","원장 양용준","학력
 고려대학교 심리학과 졸업 
 가톨릭대학교 의과대학 졸업
 
 경력
 (현) 오늘정신건강의학과 원장 
 (현)가톨릭대학교 서울성모병원 외래 교수 
 은혜병원 온세병원 누가병원 진료과장 
 김해시 정신건강복지센터 센터장 역임 
 교육부 교육지원청 Wee센터 자문전문의 교육부 학생생활상담센터 외부상담전문위원 
 보건복지부 아동보호전문기관 사례전문위원 
 보건복지부 건강가정문화가족지원센터 운영위원 
 교육부 학생생활상담센터 외부상담전문위원 
 보건복지부 아동보호전문기관 사례전문위원 
 보건복지부 건강가정문화가족지원센터 운영위원 
 보건복지부 정신건강심의위원회 위원
 
 학회 
 대한신경정신의학회 정회원 
 한국정신분석학회 정회원 
 대한소아청소년정신의학회 정회원 
 대한노인정신의학회 정회원 
 한국정신신체의학회 정회원 
 직장정신건강연구회 정회원 
 한국정신분석학회 정신치료 심증과정 수료 
 국제 EMDR협회 EMDR 수련 임상뇌파인증의
 
 수상 및 주요 논문
 
 -) Korean Med Sci. 2014 Aug; 29(8): 1145-1151.
 The Influence of Depression, Anxiety and Somatization on the Clinical Symptoms and Treatment Response in Patients with Symptoms of Lower Urinary Tract Symptoms Suggestive","image/doctor/doctor1.png","0"
"f04cff9238254ef1a59744759a0c6204","14fd4919def141eeb5743dea6720e236","원장 유승택","학력
 고려대학교 유전공학과
 KAIST 바이오 및 뇌공학과 차의과학대학교 의학전문대학원
 
 경력 및 수상
 (현) 오늘정신건강의학과 원장
 (현)차의과학대학교 분당차병원 정신건강의학과 외래교수
 루카스 병원 진료 과장
 여성가족부 경기 해바리기 센터 아동 상담의
 세계 정신의학 협회(World psychiatry Association) 최우수 포스터상(2015)
 대한 불안의학회 우수 포스터상(2016)
 
 학 회
 대한신경정신의학회 정회원 대한우울조울병학회 평생회원 대한소아청소년학회 정회원 대한노인정신의학회 정회원 대한정서인지학회 정회원 직장정신건강연구회 정회원 대한 불안 학회 심층과정 수료
 임상뇌파 인증의
 
 주요(SCI) 논문
 - 조현병 논문
 Ji-In Ahn, Seung-Taek Yu, Gyhye Sung, Tai-Kiu Choi, Kang-Soo Lee, Minji Bang, Sang-Hyuk Lee.,
 Intra-individual Variability in Neurocognitive Function in Schizophrenia: Relationships with the Corpus Callosum., Psychiatry Research: Neuroimaging. (2018)
 - 공황장애 논문
 Seung-Taek Yu, Kang-Soo Lee, Sang-Hyuk Lee., Fornix microalterations associated with early trauma in panic disorder., Journal of Affective Disorders. Volume 220,
 Pages 139-146, (2017)-
 Seung Taek Yu, Min-Kyoung Kim, Borah Kim, Eunhye Yoo, Jun-Yeob Lee, Kang Soo Lee, Ah Young Choe, Ki-Hwan Yook, Tai Kiu Choi, and Sang-Hyuk Lee ,
 The Effects of 5-HTRIA Polymorphism on Cingulum Connectivity in Patients with Panic Disorder, Psychiatric Investigation, (2013)","image/doctor/doctor2.png","0"
"f04cff9238254ef1a59744759a0c6204","2a30adf9445545618cde7c54b0ddfc8d","원장 김수영","학 력
 연세대학교 원주의과대학 졸업
 
 경력
 (현) 오늘정신건강의학과 원장 가톨럭중앙의료원 정신건강의학과 전공의 수료 (전) 서초구 치매안심센터 상담의
 
 대한신경정신의학회 정회원 
 대한정서인지행동의학회 평생회원 
 대한노인정신의학회 정회원 
 대한소아청소년정신의학회 정회원 성인 ADHD 진단 및 치료를 위한 교육 워크샵 수료 치매특별등급 교육","image/doctor/doctor3.png","0"
"00df41b0caa4414f99d5b851ec0c08a0","d0e51dd873024d46a0b01714521f3197","원장 유지혜","주요경력
 한국정신분석학회 정회원
 한국중독정신의학회 정회원
 대한신경정신의학회 정회원
 대한소아청소년정신의학회 일반정회원
 대한신경정신의학회 법사위원회 위원
 대한병원의사협의회 조직강화이사
 경기도의사회 의무이사
 대한정신신체의학회 정신신체의학 전문가 과정 수료
 한국 정신분석학회 심층정신치료 고급과정 수료
 
 약력
 이화여자대학교 의과대학 졸업
 국립경찰병원 인턴수료
 가천대 길병원 레지던트 수료
 가천대 길병원 정신건강의학과 전문의
 제이씨(JC) 사회적 협동조합 부이사장
 
 현)용산구 정신건강복지센터 집중사례회의 자문의 
 현) 가천대 길병원 외래교수
 전) 의정부시 정신보건센터 상담 전문의
 전) 경기북부병무지청 복무부적합자 소집해제 심사위원
 전) 경기북동부 해바라기 센터 운영위원회 위원
 전) 경기도연천교육지원청 Wee센터 자문의
 전) 연천군 정신건강증진센터 센터장
 전) 한서중앙병원 부원장","image/doctor/doctor4.png","0"
"ae780db08276446c8b2290336d0c240e","b42c99dd0809438b8322d536fc7fcca9","대표원장 경미하","정신건강의학과 전문의
 
 가톨릭대학교 의과대학 졸업
 가톨릭중앙의료원 수련의
 가톨릭중앙의료원 서울성모병원 정신건강의학과 전공의 
 인천성모병원 소아청소년 정신건강의학과 임상강사
 임태식 신경정신과의원 소아청소년클리닉 부원장
 
 인천광역시 계양구 기초정신보건심의(판)위원회 자문위원
 인천광역시 서부교육지원청 학생정신건강지원센터 자문의사
 근로복지공단 정신건강의학과 자문의사
 신목복지관 노인 정신건강의학과 촉탁의사
 강서구 정신건강복지센터 자문의사
 경기도 광역 치매센터 자문의사
 가톨릭대학교 서울성모병원 외래조교수 
 가톨릭 관동대학교 의과대학 외래교수 
 한양대학교 명지병원 외래교수 
 
 대한 신경정신의학회 정회원
 한국정신분석학회 정신치료 전문과정 이수
 치매특별등급 의사 자격 취득","","0"
"ae780db08276446c8b2290336d0c240e","c5fa6e9b8c87452a84004e7fe23ce854","원장 오종수","서울대학교 사범대학 생물교육과 이학사
 차의과학대학교 의학전문대학원 의무석사
 차의과학대학교 일반대학원 의학과 의학박사
 
 차의과학대학교 분당차병원 수련의 수료
 차의과학대학교 분당차병원 정신건강의학과 전공의 수료
 분당차병원 정신건강의학과 낮병원 낮병원 담당의
 경기 해바라기 센터 아동/청소년 상담의
 부여다사랑병원 진료원장
 주사랑병원 진료원장
 부여다사랑병원 진료원장
 H+ 양지병원 진료과장","","0"
"50dfb5c2ca5c46068e995513f4656fb3","a46264eee39148cebd8f4229fb37278a","대표원장 임상익","약력 및 경력
 
 성균관대학교 약학대학 졸업
 가톨릭대학교 의학전문대학원 졸업
 가톨릭중앙의료원 인턴 수료
 서울특별시 은평병원 정신건강의학과 전공의 수료
 
 전) 정건연세정신과의원 부원장
 전) 가로수정신건강의학과의원 부원장
 전) 당신의숲정신건강의학과의원 원장
 전) 국가트라우마센터 코로나 대국민 우울 심층 상담사
 현) 임상익정신건강의학과의원 대표원장
 
 학회 및 주요활동
 
 대한신경정신의학회 정회원
 한국정신분석학회 정회원
 대한정서인지행동의학회 평생회원
 한국트라우마스트레스학회 평생회원
 국제정서중심치료센터(ICEFT) 정회원
 한국정서중심치료센터(EFT Korea) 정회원
 
 EMDR Basic Training Course Weekend 1,2 수료
 한국정신분석학회 인격장애의 정신치료 전문과정 수료
 한국정신분석학회 청소년 정신치료 과정 수료
 한국정신분석학회 Master Class 수료
 대한불안의학회 불안장애 심층치료과정 수료
 정서중심부부치료(Emotionally Focused Couples Therapy) Externship 수료
 한국인지행동치료학회 METTAA CBT 핵심과정 수료
 한국정신분석학회 심층정신치료 고급과정 졸업
 
 <정신분석 논문>
 
 Sangik Imm and Tae Uk Kang, Intimacy and Love with Artificial Intelligence in the Movie “Her”, Psychoanal 2020;31(4):91-97","image/doctor/doctor5.png","0"
"50dfb5c2ca5c46068e995513f4656fb3","560044531e524638ba0a037952f31a5f","원장 최정민","약력 및 경력
 
 서남대학교 의과대학 졸업
 강원대학교병원 정신건강의학과 전공의 수료
 서울대학교병원 전임의
 
 학회 및 주요활동
 
 대한신경정신의학회 정회원
 대한노인정신의학회 노인정신건강 인증의
 대한불안의학회 불안장애 심층치료 과정 수료
 
 논문
 
 1. Risk and Protection Factors for Suicidality in Korean Military Officers. J Korean Neuropsychiatr Assoc. 2021 Nov;60(4):339-345.
 
 2. A Case of Poststroke Psychosis in a Patient With Moyamoya Disease. J Korean Neuropsychiatr Assoc. 2022 Aug;61(3):237-241.","image/doctor/doctor6.png","0"
"853168c89b024ac0bf6b801a10f286b3","81d0b85564e941538946ede1cdd05764","원장 이형곤","정신건강의학과 전문의
 
 서울대학교 의과대학 졸업
 서울대학교병원 인턴 수료
 서울대학교병원 정신건강의학과 전공의 수료
 
 전)경기북부병무지청 정신과병역판정의사
 전)서울병무지청 정신과병역판정의사
 전)코슬립수면의원 원장
 
 대한신경정신의학회 정회원
 대한수면학회 정회원
 대한수면의학회 정회원
 정서중심가족치료 externship 수료","","0"
"06017dccf5ea49d4b21331ea182f0ef7","e1688fcc2738467a88de700caec8597f","원장 양소영","성균관대학교 의과대학 졸업
 성균관대학교 의과대학 석사
 삼성서울병원 정신건강의학과 레지던트
 삼성서울병원 정신건강의학과 임상강사
 전 성안드레아병원 진료과장
 전 국민건강보험 일산병원 정신건강의학과 조교수
 전 연세대학교 세브란스병원 정신건강의학과 임상교수
 전 성균관대학교 자연과학캠퍼스 건강센터 출장상담의 
 전 국민건강보험공단 치매전문교육 전문강사
 전 식품의약품안전처 임상의사 심사자문단
 대한불안의학과 불안장애 심층치료과정 수료
 한국정신분석학회 KAPA psychotherapy Step-up Course: Brief Dynamic Psychotherpy Workshop 수료
 대한조현병학회 펠로우십 프로그램 수료
 대한노인정신의학회 노인 인증의","","0"
"06017dccf5ea49d4b21331ea182f0ef7","d68e6999dd214baca452eb3b5449771b","원장 박찬민","경희대학교 의과대학 졸업
 경희대학교 의과대학 석사
 경희대학교병원 정신건강의학과 전공의 수료
 대한신경정신의학회 정회원
 한국정서중심치료센터(EFT Korea) 회원
 일본 나가사키 국립대학병원 Trauma psychiatry Externship program
 WHO fellowship program for Psychosocial Rehabilitation and Community Mental Health
 대한불안의학회 불안장애 심층치료과정 수료
 한국정신분석학회 정신치료 전문과정 수료
 한국수면학회 불면증 인지행동치료 과정 수료
 정서중심적 부부치료 Externship 수료","","0"
"76abf1ba63a440dc992f93242ad72d34","288f1eaec48f4fcaba6bcbbd82ee9479","원장 정정엽","정신건강의학과 전문의
 한양대학교 의과대학 졸업 
 한양대학교 대학원 의학과 석사 졸업 
 한양대학교병원 정신건강의학과 전공의 수료 
 대한신경정신의학회 정회원
 EMDR Basic Training Course 4*
 
 대한신경정신의학회 운영부위원장 
 서울고등검찰청 정신건강 자문위원 
 보건복지부 생명존중민관협의회 위원 
 대한의사협회 미세먼지대책특별위원회 위원 
 한국산림치유포럼 이사 & 숲치유 프로그램 연구위원 
 
 정신의학신문 운영진 네이버 건강, 부모 고정 칼럼니스트","","0"
"76abf1ba63a440dc992f93242ad72d34","965716dbe4274cad9ded46782021f670","원장 김수정","정신건강의학과 전문의
 ? 경력
 서울대학교 졸업
 건국대학교 의학전문대학원 졸업 국립정신건강센터 정신건강의학과 전공의 수료 전) 광진구 정신건강복지센터 상담의
 
 ? 자격사항
 대한신경정신의학회 정회원 
 대한정서인지행동의학회 평생회원 
 대한불안의학회 불안장애 심층치료과정 수료 
 한국정신분석학회 정신분석적 정신치료 마스터 클래스 과정 수료 
 치매특별등급 및 치매전문화교육 수료","","0"
"76abf1ba63a440dc992f93242ad72d34","b62ca930d65042cba1479c4e066e33fe","원장 장영진","정신건강의학과 전문의
 
 ? 경력
 중앙대학교 의과대학 의학부 졸업 가톨릭중앙의료원 인턴 수료 가톨릭중앙의료원 정신건강의학과 레지던트 수료 전) 의정부시 중독관리통합지원센터 상담의
 
 ? 자격사항
 대한신경정신의학회 정회원 대한정서인지행동의학회 정회원
 성인 ADHD 진단 및 치료를 위한 교육 워크샵 Advanced 과정 (치료) 수료 
 국민건강보험 금연치료 의료인 교육 기본과정 및 심화과정 이수","","0"
"76abf1ba63a440dc992f93242ad72d34","16d63fe2f28a4541a487f720da293d27","원장 이진복","정신건강의학과 전문의
 
 ? 경력
 한양대학교 의과대학 의학과 졸업 
 한양대학교 대학원 의학과 졸업 
 한양대학교 병원 정신건강의학과 전공의 수료 
 전) 성동구 정신건강복지센터 상담의 
 전) 양평군 정신건강복지센터 상담의
 
 ? 자격사항
 대한신경정신의학회 정회원
 EMDR Basic Training Course
 대한신경정신의학회 학술대회 우수포스터상","","0"
"76abf1ba63a440dc992f93242ad72d34","203e259a06b44009a648962cc854d4f1","원장 양채영","정신건강의학과 전문의
 
 ? 경력
 단국대학교 의과대학 졸업 
 한양대학교 대학원 의학과 석사 졸업 
 한양대학교병원 정신건강의학과 전공의 수료
 전) 성동구 정신건강복지센터 상담의 
 전) 양평군 치매안심센터 상담의
 
 ? 자격사항
 대한신경정신의학회 정회원
 EMDR Basic Training Course
 한국정신분석학회 인격장애의 정신치료 전문과정 한국정신분석학회 청소년 정신치료 전문과정 치매 전문화 교육 수료","","0"
"76abf1ba63a440dc992f93242ad72d34","d8d0d35559a4407a8f760d32b4141aee","원장 반유화","정신건강의학과 전문의
 
 ? 경력
 이화여자대학교 의과대학 졸업 
 이화여자대학교 대학원 의학과 석사 졸업 이화여자대학교 의과대학 부속병원 수련의 및 전공의 수료
 
 ? 자격사항
 대한신경정신의학회 정회원 
 한국정신분석학회 정회원 
 한국정신분석학회 심층정신치료 고급과정 졸업 
 대한불안의학회 불안장애 심층치료과정 수료
 
 이화여자대학교 의과대학 정신과학교실 외래강사 
 (전)나눔정신건강의학과의원 진료부장 (전)호암병원 부원장
 (전)연세필 정신건강의학과의원 원장
 
 ? 활동사항
 저서 <여자들을 위한 심리학>, <언니의 상담실>","","0"
"76abf1ba63a440dc992f93242ad72d34","04e2211bc28740c580a7a495491f161d","원장 정벼리","정신건강의학과 전문의
 
 ? 경력
 이화여자대학교 의학전문대학원 졸업 
 이화여자대학교 의과대학 부속 
 목동병원 수련의 및 전공의 수료 
 전) 양천구 정신건강복지센터 파견근무
 
 ? 자격 및 연수
 대한신경정신의학회 정회원 
 한국정신분석학회 정신치료 전문과정 수료 
 한국정신분석학회 인격장애의 정신치료 수료 
 한국정신분석학회 심층정신치료 고급과정 대한불안의학회 불안장애 심층치료과정 수료 
 치매특별등급 및 치매전문화교육 수료
 
 이화여자대학교 의과대학 정신건강의학교실 외래강사 
 대한신경정신의학회 2020년도 춘계학술대회 우수포스터상
 ""뇌전증 소아청소년 환아의 부모 스트레스에 영향을 주는 요인에 관한 연구""","","0"
"76abf1ba63a440dc992f93242ad72d34","b9c539cad5c34df5a82d0fc7512625f4","원장 김혜수","정신건강의학과 전문의
 서울대학교 의과대학 의학과 졸업 
 서울대학교 의과대학 의학과 석사 졸업 
 서울대학교 의과대학 의학과 박사 수료 
 서울대학교병원 정신건강의학과 전공의 수료 
 서울대학교병원 정신건강의학과 전임의 수료 
 
 대한신경정신의학회 정회원 
 한국정신분석학회 정회원 
 한국정신분석학회 심층정신치료 고급과정 졸업","","0"
"76abf1ba63a440dc992f93242ad72d34","ca9e88eebee84c5ca5ce0dc55d24f3c9","원장 최혜진","정신건강의학과 전문의
 
 인하대학교 의과대학 졸업 
 인하대학교 대학원 의학박사 
 인하대병원 정신건강의학과 전공의 수료 인하대병원 소아청소년정신과 전임의 수료 
 인하대학교 의과대학 정신건강의학교실 외래부교수 
 전) 경기도의료원 수원병원 정신건강의학과 과장 
 전) 북한이탈주민지원재단 경기수원 하나센터 자문위원 
 
 대한신경정신의학회 정회원 
 대한소아청소년정신의학회 정회원 
 대한불안의학회 불안장애 심층치료과정 수료","","0"
"76abf1ba63a440dc992f93242ad72d34","51228b866f4d4e4698dd151408ccecab","원장 김수연","정신건강의학과 전문의
 
 ? 경력
 이화여자대학교 의과대학 졸업 
 이화여자대학교 대학원 의학과 석사 졸업 이화여자대학교병원 정신건강의학과 전공의 수료
 
 ? 자격사항
 대한신경정신의학회 정회원 
 대한기독정신과의사회 정회원 
 대한소아청소년정신의학회 정회원 
 한국중독정신의학회 정회원
 전)안양샘병원 정신건강의학과 과장","","0"
"b0e20354b85f441c8b140677a8f18d2a","799388ad04c34dd2a1714869981173dd","대표원장 이준형","서울알파정신건강의학과 대표원장
 서울대학교병원 정신건강의학과 교수 
 서울대학교 보라매병원 정신응급센터
 서울대학교 보라매병원 생명사랑위기대응부센터징
 서울시 역학조사관
 국군홍천병원 정신건강의학과장 
 대한신경정신의학회 정회원 대한불안의학회 평생회원 
 대한수면의학회 평생회원 
 대한정신약물학회 평생회원 
 대한우울조울병학회 정회원 
 대한생물정신의학회 정회원 
 대한치매학회 정회원","image/doctor/doctor7.png","0"
"b0e20354b85f441c8b140677a8f18d2a","720ad5a218be4f6cb9dfeb3699dbf61c","원장 남유림","서울알파정신건강의학과 원장
 정신건강의학과 전문의
 국립정신건강센터 정신건강의학과 전공의 강원대학교병원 수련의
 서울시 광진구 정신건강복지센터 상담의 좋은생각의원 진료원장 
 대한신경정신의학회 정회원
 대한소아청소년정신의학회 평생회원
 한국정신분석학회 정회원","image/doctor/doctor8.png","0"
"b0e20354b85f441c8b140677a8f18d2a","fb013b52374e4cce9e3655814f5cf9f9","원장 최치현","서울알파정신건강의학과 원장 
 서울특별시보라매병원 정신건강의학과 교수 
 서울소방심리지원단 부단장
 서울대학교병원 소아정신과 전임의 
 서울대학교병원 정신건강의학과 전공의
 교육부 학생정신건강지원센터 심리지원단 전문의 
 교육부 위닥터 자문의
 대한신경정신의학회 정회원
 대한소아청소년정신의학회 정회원 
 대한불안의학회 평생회원 
 대한정신약물학회 평생회원
 대한정서인지행동의학회 평생회원 
 한국학교정신건강의학회 평생회원 
 대한스트레스학회 평생회원
 한국트라우마스트레스학회 평생회원
 대한우울조울병학회 평생회원 
 대한수면의학회 평생회원","image/doctor/doctor9.png","0"
"b0e20354b85f441c8b140677a8f18d2a","311cedc6b42240879640c3b1627a4819","원장 김다니","서울알파정신건강의학과 원장 
 서울대학교 졸업
 차의과학대학교 의학전문대학원 졸업 
 분당차병원 인턴
 정신건강의학과 전문의
 대한신경정신의학회 정회원 
 대한정서인지행동의학회 평생회원
 치매진료의사 전문화 교육과정 수료
 우리 사회 Minority 자살예방을 위한 상담아카데미 수료","image/doctor/doctor10.png","0"
"b0e20354b85f441c8b140677a8f18d2a","011d37aa825548ae9a2e62275362fccc","원장 김은지","서울알파정신건강의학과 원장 
 서울대학교병원 인턴
 서울대학교병원 정신건강의학과 전공의
 서울대학교병원 정신건강의학과 
 소아정신과 전임의 
 코슬립수면의원 원장 
 서울대의과대학 석박사 수료
 서울대학교 의과대학 졸업
 대한신경정신의학회 정회원 
 대한조현병학회 평생회원
 한국직무스트레스학회 평생회원
 대한불안의학회 정회원
 대한불안의학회 불안장애 인지행동치료 심층 교육 과정
 
 논문 
 
 김은지, 권지혜, 박점희, 홍민하, 김재원. 성폭력을 경험한 성인 피해자의 정신과적 후유증에 대한 예비연구. 여성정신의학 2017;15(1).
 KM Kim, S Nam, JW Choi, AH Jung, SB Hong, JW Kim, SY Kim, E Kim, JW Kim. Psychometric properties and factor structures of the Korean version of Children's Depression Rating Scale-Revised. Journal of child and adolescent psychopharmacology
 2018;28(4).","image/doctor/doctor11.png","0"
"b0e20354b85f441c8b140677a8f18d2a","a746adb4dd624983ae8c2c45ca9ed2c4","원장 권윤정","서울알파정신건강의학과 원장 
 가톨릭대학교 의과대학 학사 
 가톨릭중앙의료원 인턴 수료
 가톨릭중앙의료원 
 서울성모병원 전공의
 의무기록정리 표창 수여 
 사랑나눔 우수전공의
 한국정신분석학회 심층정신치료 고급과정 수료
 한국정신분석학회 정회원 
 대한신경정신의학회 정회원 
 대한노인정신의학회 정회원
 대한불안의학회 정회원 
 대한청소년정신의학회 평생회원
 대한수면의학회 정회원","image/doctor/doctor12.png","0"
"77aaa150978a46a6b2cd2dde7d690891","18cd8963809f4d6095c6eeed4ca08ce5","박영환 원장","부산대학교 의과대학졸업
 서울아산병원 정신건강의학과전문의
 강북삼성병원 소아청소년정신과전문의
 성균관대학교 의과대학 외래교수
 울산대학교 의과대학 외래교수
 대한 소아청소년정신의학회 정회원
 대한 신경정신의학회 정회원
 대한 정신건강의학과 의사회 학술이사","image/doctor/doctor13.png","0"
"77aaa150978a46a6b2cd2dde7d690891","b2626fa5067a4d0fbfcd04f6975c1f28","이지현 원장","중앙대학교 의과대학 졸업
 서울아산병원 정신건강의학과전문의
 서울성애병원 정신건강의학과장
 남양주현대병원 정신건강의학과장
 중앙대학교의료원 정신건강의학과 외래교수
 대한신경정신의학회 정회원","image/doctor/doctor14.png","0"
"e8c4df7568a44447b70c65a2e8997b9f","d72609f1c76e4876a35a4cdf483bc74a","Dr. Paul Woo","nglish-speaking psychiatrist and counselors in Seoul! Dr. Paul Woo, the director of Seoul Psychiatry Gangnam, is a board-certified psychiatrist who graduated from Johns Hopkins University with a Master of Public Health. He worked for the Mood & Anxiety Program at the Univ of Maryland in Baltimore, MD, USA. Seoul Psychiatry can also provide counselling services in English by licensed counselors to help expats/foreigners to alleviate emotional difficulties.","","0"
"a6ca918bc22143bdbcc76aa23bf6d119","b5de89b983b3426bb15ce48bc4735db1","대표원장 박준형","서울대병원협력의료기관- 서울대학교 의학과 졸업
 - 서울대학교병원 수련의 과정
 - 서울대학교병원 정신과 전공의 과정 
 - 정신건강의학과 전문의 취득
 - 대한신경정신의학회 정회원
 - 한국정신분석학회 정회원
 - 대한불안의학회 정회원
 - 한국정신신체의학회 정회원
 - 대한노인정신의학회 정회원
 - 치매특별등급 의사소견서 발급교육 수료","","0"
"a6ca918bc22143bdbcc76aa23bf6d119","a515d249897e4e9393059c7705f90b4c","원장 김은수","","","0"
"7fe84cbd2b124e9aade00ace9f8cfd1f","c2b51d5f60424a369bfc549975c7e7e4","원장 염태성","정신건강의학과 전문의
 
 서울대학교 수리과학부 졸업 (철학과 부전공)
 서울대학교 의학전문대학원 졸업
 서울대학교병원 정신건강의학과 전공의 수료
 서울대학교 의과대학 정신과학교실 박사과정 수료
 미국 하버드대학교 의과대학 정신과 임상연구 펠로우 수료
 전) 광화문숲 정신건강의학과 의원 원장
 
 대한신경정신의학회 정회원
 미국 인디애나 주립대학교 병원 연수
 서울대학교 의과대학 함춘연구상 수상
 얀센 치료저항성 우울증 연구 임상평가자 교육 이수
 미국 시애틀 어린이 병원 정신과 및 자폐증센터 연수
 
 정신의학신문 집필진
 평창 동계올림픽 공식 정신과 파견의사
 대한신경정신의학회 주관 코로나19 심리지원 전문의
 KT 공식 정신과 자문의사","","0"
"7fe84cbd2b124e9aade00ace9f8cfd1f","af2fdf31b4014898bd18c518e48be317","원장 염지연","정신건강의학과 전문의
 
 서울대학교 영어영문학과 졸업
 전북대학교 의학전문대학원 졸업
 가톨릭 중앙의료원 정신건강의학과 전공의 수료
 미국 코넬 의과대학 병원 정신과 연수
 전) 수원 밝은마음 정신건강의학과 원장
 전) 광화문숲 정신건강의학과 원장
 
 대한신경정신의학회 정회원
 한국정신분석학회 정신치료 전문과정 이수
 대한소아청소년정신의학회 학교정신건강 전문가 연수교육 이수
 한국수면학회 불면증 인지행동치료과정 이수
 
 정신의학신문 집필진
 서울시 서초구 치매센터 진료의
 수원시 정신건강증진센터 진료의","","0"
"94f6c7d7681c4095a8c84d0e478e8463","a36582bb729e4249bd2d94ce65ebde96","원장 김덕만","약력
 정신건강의학과 전문의
 학력 & 수련
 연세대학교 의과대학 졸업
 연세대학교 의과대학 정신건강의학과 전공의 수련
 
 경력
 대한신경정신의학회 정회원
 2006년부터 꾸준히 진료중","image/doctor/doctor15.png","0"
"e53137f245114287964a28c8ef562707","2ed44a657a024f45964df84cdc6fdff5","김지원 원장","서울대학교 의과대학 졸업
 서울대병원 인턴 수료
 서울대병원 정신과 전공의 수료
 서울대학교 의학석사
 정신건강의학과 전문의
 대동병원 정신과 진료과장
 메타의원 부원장
 충무병원 정신과 진료 과장
 대한신경정신의학회 정회원","","0"
"4a6a13fac53d49d1aa97453d0d9b80ed","d254201feffa46a3bdaf16554b3917e5","원장 진용탁","주요 약력_연세대학교 의과대학 졸업
 연세대학교 의과대학 정신과학교실 전문의
 관동대학교 대학원 의학과 석사
 
 국민건강보험공단 일산병원 신경정신과 전문의
 한국음주문화연구센터 KARF 병원 정신과 전문의
 인천은혜병원 신경정신과 전문의
 일산건강병원(노인병원) 정신과 전문의
 정신사회복귀시설 해오름 촉탁의
 
 세브란스정신건강병원 노인및 치매클리닉 병동장
 강남세브란스병원 공황장애클리닉 인지행동치료
 일산병원 알코올클리닉 외래단주프로그램(인지행동치료)
 가톨릭의과대학 성모자애병원 인지기능연구
 대한신경정신의학회 정회원
 대한정신약물학회 정회원 및 평생회원","image/doctor/doctor16.png","0"
"3361eca5879f4aa388163c12d0bbdc77","3248fcb012d94ef79983fc6527071859","원장 윤홍균","의사 약력
 한국 중독 정신의학회 간사
 학교폭력 방지를 위한 100인의 정신과 의사회 위원 소아 청소년 정신의학회 평생회원 보건복지부지정 알코올 사업지원단 연구원 가톨릭 대학교 신학협력단 연구원 중앙대학교 게임과몰입센터 연구원 한국 성중독 심리치료협회 자문 정신적 트라우마의 안구운동 치료자격이수 (EMDR)
 Oreland Univ. Prof. Gary Quinn
 전) 현대/온세병원소아청소년연구소 진료 원정
 국제학회구연 (APSAR, 아시아 태평양 중독 학회, 2011년,
 Thailand)
 대한신경정신의학회, 한국중독정신의학회 구연 (주제: 핸 드폰중독, 영성치료, 가족치료) 한국일보, 경향신문 전문가 칼럼 게재
 (At: http://www.yoonmaum.co.kr/)","","0"
"762fb7ef482a4261b1e26a9a9fc3a02f","52bd55f3b77b409281dcafd2f859d268","원장 서만석","가톨릭대학교 의과대학 졸업
 가톨릭중앙의료원 인턴 및 정신건강의학과 전공의 수료
 가톨릭대학교 대학원 석사, 박사 수료
 
 공군 비행군의관 및 공군 병역심사 자문위원 역임
 공군 제20전투비행단 항공의무대대 항공의무실장 역임
 카프성모병원 알콜치료센터 진료과장 역임
 의정부힐링스병원 진료원장 역임
 의정부 교도소 원격화상진료 담당의
 
 가톨릭중앙의료원 최우수 전공의 수상
 대한민국 공군본부 최우수군의관 수상
 
 대한신경정신의학회 정회원
 대한정신약물학회 평생회원
 대한소아청소년정신의학회 정회원
 대한우울조울학회 정회원
 (출처: https://mapomentalclinic.modoo.at/?link=2rgwvq0o)","","0"
"762fb7ef482a4261b1e26a9a9fc3a02f","b8d205b88af4494abf8533c33f8ec4bd","원장 신수진","경북대학교 의학전문대학원 졸업
 Boston children's hospital - Endocrinology 
 of pediatrics 연수
 서울특별시 은평병원 전문의 수련
 이지브레인 부천점 부원장 역임
 
 대한신경정신의학회 정회원
 대한불안의학회 정회원
 한국정신분석학회 정신치료전문과정 수료
 대한불안의학회 불안장애 심층치료과정 수료
 대한치매학회 치매전문의사 취득
 (출처: https://mapomentalclinic.modoo.at/?link=2rgwvq0o)","","0"
"c275f5ce1c06435abd94af60adebf1da","dd30bfd7c1ee4b9b96e21966bf581918","원장 정유리","한양대학교 의과대학 의예과/의학과 졸업
 한양대학교 의과대학 대학원 석사과정 졸업
 한양대학교 인턴수료
 한양대학교 정신건강의학과 전공의 수료
 국제공인 EMDR 치료사
 정서중심 부부치료 전문치료사
 (구)해암병원 진료부장
 여주세민병원 진료부장
 안산 윤 정신건강의학과의원 부원장","","0"
"0494acfb989b469f91cbc68ccc5b9b6f","0a013f759c7947428f7723d624c09a8e","","","","0"
"6e746655e22645da9989231ffa2c9c7f","5f30157997ec40cfa8d6d54e433b52ff","","","","0"
"521aed13aa8f4dae98235f41af646226","71adc2d8f1034391a9d3618c4eff9823","","","","0"
"6c37de7ed94343ddab85c87ee08d4ac3","f9c660df003d433f8596635366608a71","송지혜 신촌클리닉 원장","정신건강의학과 전문의
 소아청소년정신과 전문의
 성균관대학교 의학박사 수료
 삼성서울병원 성균관대학교 정신건강의학과 전공의
 삼성서울병원 성균관대학교 소아청소년정신과 임상강사
 심리치료/가족치료/EMDR전문가
 대한신경정신의학회 정회원
 대한소아청소년정신의학회 정회원
 대한청소년정신의학회 정회원
 대한아동정신치료의학회 정회원
 부부가족치료연구회 회원
 국민연금공단자문의사
 서울가정법원자문위원
 대한소아청소년정신의학회 홍보위원
 삼성서울병원 정신건강의학과 외래교수
 전)서울특별시 강동교육청 특별상담위원
 전)성균관대학교 건강센터촉탁의
 (출처: http://www.haesolclinic.co.kr)","image/doctor/doctor17.png","0"
"6c37de7ed94343ddab85c87ee08d4ac3","18dbda11a85d4e1a849c08997a3bdffe","이주영 신촌클리닉 원장","정신건강의학과 전문의
 소아청소년정신과 전문의
 이화여자대학교 의과대학
 아주대학교 의과대학 대학원 석사
 가톨릭중앙의료원 정신건강의학과 전공의
 아주대학교부속병원 소아청소년정신과 임상강사
 대한신경정신의학괴 정회원
 대한소아청소년정신의학회 정회원
 대한청소년정신의학회 정회원
 한국정신분석학회 정회원
 아동정신치료학회 회원
 대한자폐스펙트럼연구회 회원
 서대문 아이존 자문의
 국민연금공단 자문의
 전) 성북우리아이들병원 마음튼튼클리닉 센터장
 전) 서울시어린이병원 정신건강의학과 전문의
 (출처: http://www.haesolclinic.co.kr)","image/doctor/doctor18.png","0"
"3a36e8ca9cbb40d5915a07bc2c33e49f","06a1661301184c4a95623e0638c3157c","장용이 원장님","화, 수, 목, 금, 토 진료
 정신건강의학과 전문의
 대한신경정신의학회 정회원, 지도전문의
 대한조현병학회 / 대한정신약물학회 평생회원
 한국중독정신의학회 평생회원
 서울의료원 정신건강의학과 주임과장 역임
 미국 캘리포니아 주립대학(UCLA) 방문교수
 Semel institute for Neuroscience and Human Behavior 연수
 삼성서울병원 정신건강의학과 전공의 전임의 수료
 중앙대학교 의학대학 정신과학 학/석사 학위
 성균관대학교 의과대학 박사 학위
 전 명지대학교 예술치료학과 겸임교수
 (출처: https://www.hearam.kr)","image/doctor/doctor19.png","0"
"3a36e8ca9cbb40d5915a07bc2c33e49f","abbba7365ebc4cbfbdef9570b793e8c0","노현재 원장님","월, 화, 목, 금 진료
 정신건강의학과 전문의
 노원 을지대학병원 정신건강의학과 전공의 수료
 대한신경정신의학회 정회원
 대한명상의학회 정회원
 의료윤리연구회 정회원
 한국정신분석학회 정신분석적 정신치료 (RTP) 과정 수료
 대한불안의학회 불안장애 심층치료 과정 수료
 Wesleyan University, Suicide Prevention 과정 수료
 Yale University, Addiction Treatment 과정 수료
 Johns Hopkins University, Fundamental Neuroscience for Neuroimaging 과정 수료
 Johns Hopkins University, Psychological First Aid 과정 수료
 의학전문직업성교육 (Medical Professionalism) 책 출간, 출판사 광연재
 (출처: https://www.hearam.kr)","image/doctor/doctor20.png","0"
"3a36e8ca9cbb40d5915a07bc2c33e49f","7b223aa63c2e460b862abae2d6fa6e70","송민호 원장님","월, 화, 수, 목 진료
 정신건강의학과 전문의
 원광대학교 의과대학 졸업
 서울아산병원 인턴 수료
 서울아산병원 정신건강의학과 전공의 수료
 대한신경정신의학회 정회원
 대한불안의학회 정회원
 대한조울우울병학회 정회원
 대한수면의학회 정회원
 2022년 대한조현병학회 최우수 논문상
 한국정신분석학회 심층정신치료 고급과정 이수중
 전) 서울송정신건강의학과 진료원장
 (출처: https://www.hearam.kr)","image/doctor/doctor21.png","0"
"3a36e8ca9cbb40d5915a07bc2c33e49f","bb4a0d3dde92499b88e0f71918cb79ff","강진오 원장님","월, 화, 목, 금, 토 진료
 정신건강의학과 전문의
 중앙대학교 의과대학 졸업
 중앙대학교병원 인턴 수료
 중앙대학교병원 정신건강의학과 전공의 수료
 런던 Tavistock clinic 정신분석 연수과정 수료
 중앙대학교 대학원 정신과학 석사과정
 전) 해병대 교육훈련단 정신과 과장 및 의무실장
 전) 김포 해병대 2사단 의무근무대 정신과 과장
 대한 신경정신의학회 정회원
 (출처: https://www.hearam.kr)","image/doctor/doctor22.png","0"
"3a36e8ca9cbb40d5915a07bc2c33e49f","23b3d56730d14c5ea09083b6e0d2efcb","김혜영 원장님","화, 수, 금요일 진료
 정신건강의학과 전문의
 서울대학교 의과대학 졸업
 서울대학교병원 정신건강의학과 전공의 수료
 서울대학교병원 정신건강의학과 전임의
 대한신경정신의학회 정회원, 지도전문의
 대한생물정신의학회 정회원
 조울정서연구회 한국지부 (ISBD Korea) 회원
 한국정신분석학회 정회원
 한국정신분석학회 심층정신치료 고급훈련과정 졸업
 대한정서인지행동의학회 평생회원
 (전) 인하대학교 병원 정신건강의학과 조교수
 (출처: https://www.hearam.kr)","image/doctor/doctor23.png","0"
"3a36e8ca9cbb40d5915a07bc2c33e49f","2689abf6bb13419a89396ac0fd471ad2","이정석 원장님","월, 수, 목, 금, 토 진료
 정신건강의학과 전문의
 충남대학교 의과대학 졸업
 대한신경정신의학회 정회원
 국군대전병원 정신과
 국군원주병원 정신과
 남수단 재건지원단 UNPKO Level 1 Clinic
 코로나 19 통합심리지원단
 EMDR Course completed
 ACT Cognitive Therapy 과정 수료
 산림청 디지털 헬스케어 연구개발과제 책임자
 전) 광화문숲 정신건강의학과 진료원장
 (출처: https://www.hearam.kr)","image/doctor/doctor24.png","0"
"e829140d9c1b4bd5b8ecbe149f3d5217","13e888b828994bd69a69ab8e0761a669","원장 신경백","연세대학교 의예과 
 연세대학교 의과대학 졸업 
 신촌세브란스병원 인턴 
 신촌세브란스병원 정신건강의학과 전문의 
 세브란스병원 친절교직원
 
 국군수도병원 정신건강센터 진료과장 
 인화병원 진료과장 
 연세맑은정신건강의학과 원장 
 
 대한신경정신의학회 정회원
 대한청소년정신의학회 평생회원
 대한노인정신의학회 정회원
 대한정서인지행동의학회 정회원
 대한정신건강의학과의사회 정회원
 (출처: https://yonseimind.modoo.at)","image/doctor/doctor25.png","0"
"d10e2406704445bba048de19ebc3840c","0493147cac8041f38a851b7bb2bb83f9","","","","0"
"0023fbc3a30a43deaf56347b6059f688","ec7b348fddb1406580ec4d39efbc5c7c","나해란 원장님","경력 및 학력
 
 (전)가톨릭의대 여의도성모병원 뇌건강센터 교수
 (전)영등포구치매안심센터 센터장
 (전)가톨릭의대 서울성모병원 정신건강의학과 교수
 대한노인정신의학회 노인정신건강인증의 및 평생회원
 2023년 대한민국공헌대상
 2022년 대한민국문화예술제 보건복지부 장관상
 
 성균관대학교 의과대학 졸업/학사/석사
 삼성서울병원 정신건강의학과 수련의
 최우수전공의 및 중앙문화의학상수상(2010)
 연세대학교 의료법윤리학과 박사(2017)
 UC San Diego 정신과 연수 및 마음챙김명상 수료(2011)
 Mount Sinai Hospital, New York, 연수(2006)
 Child Advocacy Center, Manhattan, NY 연수(2006) 
 대한축구협회(KFA) 정신분과 의무의원(2021~현재) 
 대한불안의학회 평이사 
 한국트라우마스트레스학회 정회원
 대한비만연구의사회 자문의원
 
 
 2019~21 CEO, Dementia Center at Youngdeungpo-gu
 2016~18/ Clinical Assistant Professor, Department of Psychiatry, Seoul St. Mary’s hospital, The Catholic University of Korea, Seoul, Korea 
 2018~21 Clinical Assistant Professor, Department of Psychiatry, The Catholic Brain Health Center,
 Yeouido St. Mary's Hospital, The Catholic University of Korea, Seoul, Korea
 
 
 
 <EDUCATION>
 
 2007 Medical doctorate degree, Sungkyunkwan school of medicine, Korea 
 2011 Medical master degree, Sungkyunkwan school of medicine, Korea 
 2018 Ph.D. in Ethics and Medicine, Yonsei University, Korea 
  
 
 <POST GRADUATE TRAINING>
 
 2007-2008/ Internship, Samsung Medical Center, Seoul, Korea
 2008-2012/ Residency, Department of Psychiatry, Samsung Medical Center, Seoul, Korea 
 2015~16/ Clinical Fellowship, Department of Psychiatry, Seoul St. Mary’s hospital, The Catholic
 University of Korea
 
 
 <PROFESSIONAL MEMBERSHIP>
 
 Member, Korean Neuro-Psychiatric Association
 Board Member, Korean Academy of Anxiety Disorder
 Board Member, Korean Society of Geriatric Psychiatry
 (출처: https://www.nhrclinic.com/)","image/doctor/doctor26.png","0"
"e39d21a5a1114e5e94b1107b8ef8afab","87b3888b328a494ea16fa416c4b5dce6","","","","0"
"73381cb4e9e44b0ea01354ea4948982d","2c160db1523240758953235f49e07eaf","","","","0"
"8d23075a816a4afa8c0ba6e3c2d12b0e","e96c88ed44144806914604bfaff25db1","이루다 원장님","전문의/한방신경정신과 
 대학원 석사 과정 / 대전대학교 한의과대학 신경정신과학교실 한의사 / 대전대학교 한의과대학 
 대전대학교 둔산한방병원 일반수련의 
 동서한방병원 전문수련의
 
 동서한방병원 의국장 
 대한한방병원 협회장 표창(2015)
 태국 한국전쟁 참전 용사촌 의료봉사 참가
 
 한방신경정신과학회 평생회원 대한한의사협회 정회원
 (출처: https://www.haneumnetwork.co.kr)","image/doctor/doctor27.png","0"
"8d23075a816a4afa8c0ba6e3c2d12b0e","08d76c6e72fb4796a6f315e41b6634d5","곽희용 원장님","전문의/ 한방신경정신과
 한의학 석사/ 경희대학교 일반대학원 임상한의학과 신경정신과학교실 
 한의사/ 경희대학교 한의과대학 
 전문수련의 / 강동경희대학교한방병원 
 일반수련의 / 강동경희대학교한방병원
 
 강동경희대학교한방병원 화병/스트레스클리닉 
 경희대학교 의료봉사단 피닉스 
 지도 한의사 
 혜화 장애인독립진료소 진료진
 
 한방신경정신과학회 평생회원 
 대한한의학회 정회원 
 대한한의사협회 정회원
 척추신경추나의학회 정규워크숍 120시간 이수/ 
 정회원 한의정보협동조합 공보이사 
 한의학잡지 [On Board] 학슬섹션 고정필진
 
 화병 한의임상진료지침 개발위원회 참여 화병 표준임상경로 개발 참여 
 화병 CPX 개발 참여
 한의 치매환자 건강관리 사업매뉴얼 편찬
 COVID-19 한의사 마음건강법 지도 매뉴얼 편찬 
 경도인지장애 침치료 자기공명영상 임상연구 수행
 GBH 과립 주요우을장애 임상연구 수행
 (출처: https://www.haneumnetwork.co.kr)","image/doctor/doctor28.png","0"
"f69631866e5746e291cd9da254b48f07","b6d85599ce234f75bdd7549bee52b9a6","황승환 원장님","고려대학교 의과대학 졸업
 고려대학교병원 수련의 수료
 분당서울대학교병원 정신건강의학과 전공의 수료
 
 대한신경정신의학회 정회원
 대한우울조울병학회 정회원
 
 한국정신분석연구원 정신분석적 정신치료 기초교육과정 수료
 대한불안의학회 불안장애 심층과정 수료
 법정신의학 및 형사감정 연수
 
 전 홍천군 정신건강복지센터 자문의
 
 학술활동
 '조현병 환자에서 장기지속형 항정신병 주사제의 치료 효과와 입원율' 대한사회정신의학회
 (출처: https://onandpsych.modoo.at/)","","0"
"f69631866e5746e291cd9da254b48f07","691cd7d0e3a34424a8e0c89d0e0546f2","정준수 원장님","가톨릭대학교 의과대학 정시 수석
 가톨릭대학교 의과대학 졸업
 가톨릭중앙의료원 정신건강의학과 전공의 수료
 가톨릭대학교 정신과학교실 의국장
 가톨릭대학교 성빈센트병원 정신건강의학과 전임의
 
 (전) 의정부 청소년쉼터 상담의
 (전) 서초구 치매지원센터 상담의
 
 대한신경정신의학회 정회원
 대한정신약물학회 정회원
 대한수면학회 정회원
 대한불안의학회 정회원 
 수면다원검사 인증의
 한국정신분석학회 정신분석적 정신치료 master class 수료
 2022년 한국형 양극성장애 약물치료 알고리듬 검토위원
 
 학술활동
 Bipolar Disorder, Circadian Rhythm and Clock Genes
 Clinical Psychopharmacology and Neuroscience, 2023-07-17
 
 The difference in sleep, depression, anxiety, and Internet addiction between Korean adolescents with different circadian preference 
 Indian Journal of Psychiatry Vol 62, Issue 5, 524-530, October, 2020 
 
 Gender Difference in Sleep Patterns of Korean Adolescents: Focusing 
 on Psychosocial Circumstances and Biological Changes 
 J Korean Assoc Soc Psychiatry Vol 24, No 2, November, 2019
 (출처: https://onandpsych.modoo.at/)","","0"
"f69631866e5746e291cd9da254b48f07","a75bc42b2d8145cab56aeb86aa5b3c42","홍대의 원장님","중앙대학교 의과대학 졸업
 삼성서울병원 수련의 수료
 분당서울대병원 정신건강의학과 수료
 
 대한신경정신의학회 정회원
 대한정신약물학회 정회원
 대한불안의학회 평생회원
 대한수면의학회 평생회원
 
 분당서울대학교병원 우수 전공의
 
 학술활동
 '2013-2018 건강보험심사평가원 자료를 이용한 국내 벤조디아제핀계 및 아편 유사제 약물의 외래 병용 처방 양상' , 한국중독정신학회, 
 
 (출처: https://onandpsych.modoo.at/)","","0"
"f69631866e5746e291cd9da254b48f07","7a755e9cf5c14d4a9f3afb30dac4c282","김총기 원장님","한양대학교 의과대학 졸업
 한양대학교 대학원 의학과 석사
 한양대학교병원 정신건강의학과 수료
 한양대학교 의료원 외래 교수
 
 대한신경정신의학회 정회원
 정신의학신문 운영진 겸 편집총괄
 네이버 건강 및 정신의학신문 칼럼니스트
 EMDR Basic Training Course 수료
 재난 충격 회복 기본 치료 프로토콜 심화 치료자 수료
 한양발달의학센터 ADOS-2 평가 심화교육 수료
 
 2017년 대한신경정신의학회 추계학술대회 우수포스터상 [주요 우울증 신환 외래환자의 일생 트라우마, 질병 심각도 및 질병 경과]
 SBS [그것이알고싶다], 시사iN 등 자문 다수 출연
 유튜브 [놀면서 배우는 심리학] [스터디언] 외 다수 출연
 
 저서 : 나도내가왜이러는지모르겠어 [다반]
 (출처: https://onandpsych.modoo.at/)","","0"
"a0013b8873a040eca30f575ec8c653f4","de2bd75845204a94b5e2abaca2b4ffe8","한경호 원장님","? 가톨릭대학교 의학석사
 ? 수도방위사령부 군의장교
 ? 서울대학교병원 전임의사
 ? 노인정신건강인증의
 ? 대한신경정신의학회 정회원
 ? 대한소아청소년정신의학회 정회원
 ? 대한비만학회 정회원
 
 ? (전)종로구 치매지원센터 센터장
 ? (전)부천시 정신건강증진센터 센터장
 ? (전)대한정신건강의학과봉직의협회 보험이사
 ? (전)탑정신건강의학과 원장
 
 (출처: https://topnp.modoo.at)","image/doctor/doctor29.png","0"
"429c711997fe4d55944a870f91ae7498","09aa4377d3f74e3aa0ae1d46efce3f4e","김석만 원장님","약력
 - 정신건강의학과 전문의
 - 한국정신분석학회(KAPA) 정회원
 - 국제정신분석학회(IPA) Allied center 회원
 - 국제정신분석학회(IPA) Korean Psychoanalytic Study Group(KPSG) 정신분석가 과정
 - 대한신경정신의학회 정회원
 - 대한불안의학회 평생회원
 - 대한수면의학회 평생회원
 - 대한청소년정신의학회 평생회원
 
 수료내역
 - 한국정신분석학회 정신치료 전문가과정
 - 한국정신분석학회 심층정신치료 고급과정
 - EMDR(안구운동 민감소실 재처리요법) 1st week Certification
 - 대한불안의학회 불안장애 심층치료과정
 - 정서중심부부치료(EFT) 학외연수(Externship)
 - 국제공인(IACP) 인지행동치료 연수과정(1년)
 (출처: http://www.maumsaram.com/)","","0"
"ffb1b1bf42bb4030869a48a24fbc7730","c0f7afc5789949b4a74ab22adc24b00c","","","","0"
"e2e6441b367a4b3db4f2878b4e1c4abe","1e15cb32ccc442e3b2774bff269138a1","김승룡 원장님","가톨릭관동대학교 의과대학 학사
 가톨릭대학교 의과대학 대학원 석사
 가톨릭대학교 가톨릭중앙의료원 정신건강의학과 전공의
 
 전)이라크 Zytun병원 군의관
 전)서수원병원 정신건강의학과 과장
 전)녹색병원 정신건강의학과 과장
 전)LPJ마음건강의원 원장
 
 *대한분석치료학회 정회원
 *대한분석치료학회 분석정신치료 수료
 *뉴욕 PANY(Psychoanalytic Association of New York)에서 성인정신분석 수련 (Clinical Candidate of Psychoanalysis, 2015 ~ 2020)
 *뉴욕 Anni Bergman Parent-Infant Program 수련 (2018 ~ 2021)
 *William Alanson White Institute에서 EDCAS (Eating Disorders, Compulsions & Addictions) Program 수료 (2016)
 
 (출처: https://hdpsy.modoo.at)","","0"
"e2e6441b367a4b3db4f2878b4e1c4abe","900df102d48a45468b7eebca8e493de4","김상하 원장님","가톨릭대학교 의과대학 학사
 가톨릭대학교 의과대학 대학원 석사
 성균관대학교 의과대학 대학원 박사수료
 가톨릭대학교 가톨릭중앙의료원 정신건강의학과 전공의
 삼성서울병원 정신건강의학과 노인정신의학 임상강사
 가톨릭대학교 여의도성모병원 정신건강의학과 임상강사
 가톨릭대학교 의과대학 정신과학교실 외래조교수
 성균관대학교 의과대학 삼성서울병원 정신건강의학과 외래교수
 
 *대한노인정신의학회 평생회원
 *대한노인정신의학회 총무간사 (2014 ~ 2016)
 *영등포구정신건강증진센터 사례자문의 (2015)
 *대한노인정신의학회 노인정신건강 인증의
 *뉴욕 Ackerman Institute for the Family에서 가족치료, 부부치료 수련 (2017 ~ 2019)
 *NYC EFT Externship (2019)
 
 (출처: https://hdpsy.modoo.at)","","0"
"67f3208a24444cfb94d8b848fec254b3","02079b3094c544e8afe740c2d4c0d364","김범조 원장님","? 정신과 전문의
 ? 소아정신과 전문의
 ? 성균관대학교 의과대학 대학원 졸업
 ? 성균관의대 강북삼성병원 정신과 전공의 수료
 ? 성균관의대 강북삼성병원 정신과 전문의 수료
 ? 성균관의대 강북삼성병원 정신과 임상강사
 ? 성균관대학교 의과대학 외래교수
 ? 대한신경정신의학회 정회원
 ? 대한 소아청소년정신의학회 정회원
 ? 대한 불안의학회 정회원
 ? 대한 최면치료학회 정회원
 ? 서울특별시 강서교육청 특별상담위원
 ? EMDR International Part1,Part2 Training T5
 ? 국제 EMDR 협회 공인 치료자
 ? 마포구 정신건강증진센터 자문의사
 ? 용산구 정신건강증진센터 자문의사
 ? 서울시 교육청 학습도움센터 자문의사
 ? 새누리당 학교폭력특별위원회 특별위원
 ? 중부교육지원청 교직원 교육연수 강사
 (출처: http://www.smchappymind.co.kr/)","image/doctor/doctor30.png","0"
"132b56d0097741239341897d8e553d8d","5dcbd4bb21d84e99bec8e3807ce6f977","정혜진
 일반의 / 원장","","","0"
"132b56d0097741239341897d8e553d8d","653a52ca69ed41e39f67ba52f2daee2f","천성아
 가정의학과전문의 / 방문의료 의사","","","0"
"4d65b03c8c8b4f3c8dee0a6e9448e928","5be6024e07ba45e98ac4a38dea8351b8","이호분 원장님","약력
 · 연세대학교 의과대학 졸업
 · 신촌 세브란스 정신과 전문의
 · 신촌 세브란스 소아정신과 전문의
 
 경력 · 자격
 · 연세대학교 의과대학 정신과학교실 연구강사
 · 연세대학교 의과대학 외래 교수
 · 세브란스 병원 소아정신과 지도 감독 전문의 (Supervisor)
 · 대한소아청소년정신의학회 평생회원
 · 대한신경정신의학회 정회원
 · 한국 청소년 정신의학회 정회원
 · 세계소아청소년정신의학회 논문발표
 · 아시아소아청소년정신의학회 논문발표
 
 미디어 출연
 · SBS “세상에서 가장아름다운 여행” 전문가 솔루션위원 고정 출연
 · MBC “생방송 아주특별한 아침” 고정패널 출연
 · SBS “우리아이가 달라졌어요” 출연 자문위원
 · EBS “톡톡 교육 충전소” 출연 자문위원
 · KBS “라디오 교육을 말합시다” 고정 출연 중
 · 국민일보 자녀교육칼럼 “이호분의 아이세계” 고정 칼럼 연재
 · 국민일보 “이호분의 교육 클리닉” 고정 칼럼 연재
 <국민일보 ""이호분의 아이들 세상"" 고정 칼럼 연재 중>
 <네이버 ""부모 i판"" 고정 칼럼 연재 중>
 
 (출처:https://nuriclinic.modoo.at/)","image/doctor/doctor31.png","0"
"1d9cb3d127e84b7391a060c3ddc1d2fb","2f64de61b74d4d56b989af02d45548d7","최용락 대표원장님","경희대학교 의학전문대학원 의무석사
 경희대학교병원 수련의 수료
 경희대학교병원 정신건강의학과 전공의 수료
 
 전)서울시 동대문구 치매안심센터 협력의사
 전)경희의료원 후마니타스 암병원 암스트레스 클리닉 진료
 전)서울성심병원 정신건강의학과 과장
 전)서울성심병원 수면크리닉 과장
 
 일본 나가사키 국립대학병원 Palliative care team Externship program 
 한국정신분석학회 정신치료 전문과정 수료
 치매진료의사 전문화 교육 수료
 치매특별등급 소견서 교육 수료
 중앙자살예방센터 보고듣고말하기 교육 수료
 
 대한신경정신의학과 정회원
 대한정신건강의학과 의사회 정회원
 
 (출처: http://knowingminds.co.kr/)","","0"
"1d9cb3d127e84b7391a060c3ddc1d2fb","804d15e6fc664baca9d9a45f95ab4d73","유영서 원장님","순천향대학교 의과대학 학사
 순천향대학교 대학원 의학석사
 순천향대학교 부천병원 수련의 수료
 순천향대학교 부천병원 정신건강의학과 전공의 수료
 
 전)국군춘천병원 정신건강의학과 과장
 ""나는 내 마음이 왜 버거울까?"" 저자
 인스타툰 <정신과 의사 캘선생> 연재 중
 @calirocketfuel
 
 (출처: http://knowingminds.co.kr/)","","0"
"ba01604f182b4180acb536103bd0c297","b3866ff0f22446faa0f16bc6f2d82acc","김혜진 원장님","정신건강의학과 전문의
 
 가톨릭중앙의료원 인턴 수료
 가톨릭중앙의료원 정신건강의학과 레지던트 수료
 
 서울성모정신건강의학과 원장 역임
 희망정신건강의학과 부원장 역임
 
 서초구 치매지원센터 파견의 역임
 수원시 정신건강복지센터 파견의 역임
 사회복지법인 네트워크 심리상담 자문의 역임
 대한신경정신의학회 정회원
 대한불안의학회 정회원
 대한수면학회 정회원
 대한노인정신의학회 정회원
 
 치매특별등급 의사소견서 발급 교육 수료
 노인요양시설 촉탁의사 교육 이수 
 의료인 금연진료 교육과정 이수
 
 (출처: https://dreampsychiatry.modoo.at/)","","0"
"8e98fb4e648c445b85a085423c72b4fa","f369f41361a04397baab0fd64c51a088","","","","0"
"f05992532bc7489ca5837f7a4b9463e0","574fd9d788de4d72a45e3de3a27a4a6e","김병후 원장님","프로필
 연세의대 졸업
 정신과 전문의
 연세대 의과대학 외래 교수
 이화여자대학교 의과대학 외래 교수
 
 사회활동
 사단법인 <행복가정재단> 고문
 사단법인 한국가정법률상담소 이사
 재단법인<청소년건강재단>상임이사
 사단법인 한국웨딩플래너협회 고문
 사단법인 <한국청소년재단> 이사장
 
 저서
 '우리 부부 정말 괜찮은 걸까?'(2003년)
 '아버지를 위한 변명'(2006년 5월)
 '너‘ (2012년)
 
 (출처: http://www.drwho.kr)","image/doctor/doctor32.png","0"
"f05992532bc7489ca5837f7a4b9463e0","2a5aae18bb944bb78786fc3789bcd0af","김규호 원장님","프로필
 연세대학교 공과대학 신소재공학과 졸업
 중앙대학교 의과대학 의학전문대학원 졸업
 연세대학교 의과대학 세브란스병원 인턴 수료
 국립정신건강센터 정신건강의학과 전공의 수료
 정신건강의학과 전문의
 대한의사협회 정회원
 대한신경정신의학회 정회원
 
 연구활동
 정상인을 통해 알아본 우울 증상과
 불안 증상이 특정 인지 기능에 미치는 영향
 (출처: http://www.drwho.kr)","image/doctor/doctor33.png","0"
"ba51ebfffbc34d69b26979dbc651128d","ede5911300394dc595a2b36b75cdfde5","","","","0"
"7371215959134459becc18b0baad60ff","8846e3ba0c294afc9b444d8478b2cce2","장승용 원장님","정신건강의학과 전문의
 
 경력
 인하대학교 의학 전문 대학원 졸업
 인하대병원 인턴 및 정신건강의학과 전공의 수료
 전) 광화문 숲 정신건강의학과 원장
 
 활동 사항
 대한 신경정신의학회 정회원
 한국정신분석학회 정신분석적 정신치료 master class 수료 성인 ADHD 진단 및 치료를 위한 워크샵 Basic (진단) 과정 이수 성인 ADHD 진단 및 치료를 위한 워크샵 Advanced (치료) 과정 이수
 인천중구 정신건강복지센터 상담지원업무
 Netflix 마인드세션 전담의 - 예능 출연자 정신건강검진 참여
 정신의학신문 칼럼니스토
 (출처: https://dreampsy.modoo.at/)","","0"
"7371215959134459becc18b0baad60ff","9ca3e8913cf64741adec2f9bcfbd2c78","고은해 원장님","정신건강의학과 전문의
 
 학력 및 경력
 을지대 의대 졸업
 을지대병원 인턴 수료 
 정신건강의학과 전공의 수료
 전) 혜강병원 정신건강의학과 과장
 전) 상암정신건강의학과 부원장
 
 
 활동사항
 대한신경정신의학회 중앙정신의학논문상
 대한불안의학회 불안장애 심층치료과정 수료
 한국정신분석학회 청소년 정신치료 전문과정 수료
 한국정신분석학회 인격장애 정신치료 전문과정 수료
 정신분석적 정신치료 master class 수료
 대한신경정신의학회 치매특별등급 교육 수료
 우리사회 minority 자살 예방을 위한 상담교육 수료
 (출처: https://dreampsy.modoo.at/)","","0"
"7a40b73236fb499fa58973c0c26b14b3","c80c73db08204d8c927dc7cf49ff6cf8","이승민 원장님","","","0"
"a4c347fb061247d98d1643571bae9253","38dc2cbc85624128a36b1cc838414d8b","","","","0"
"372f2845476649adb9f46135ad4aaa4d","e6b163254ee44aae9594137d2f94c771","진선권 원장님","정신건강의학과 전문의
 
 전남대학교 의과대학 졸업
 서울특별시 은평병원 
 대한신경정신의학회 정회원 
 대한불안의학회 정회원
 대한정서인지행동의학회 정회원
 
 한국정신분석학회 정신치료 전문과정 
 한국정신분석학회 심층정신치료 고급과정 
 한국정신분석학회 청소년 정신치료 전문과정
 대한불안의학회 불안장애 심층치료과정
 치매진료의사 전문화교육
 한국정신신체의학 전문가과정
 
 (출처: http://dowooclinic.modoo.at/)","","0"
"372f2845476649adb9f46135ad4aaa4d","7e2bc4dba88e43458335aca6cd6dfa22","김수현 원장님","정신건강의학과 전문의
 
 전북대학교 의학전문대학원 졸업
 용인정신병원
 대한신경정신의학회 정회원
 대한우울조울병학회 정회원
 대한불안의학회 정회원
 대한정신약물학회 정회원
 Yale - Child Study Center 연수
 
 (출처: http://dowooclinic.modoo.at/)","","0"
"8de623e0ec7743659346c884f7a4a35a","186250e7599449588d92f4b31428beaa","이성재 원장님","차의과학대학교 석사, 박사
 차의과학대학교 분당차병원
 Harvard 의대 Brigham and Women's Hospital Research Trainee
 
 국제정신분석학회, 국제정신분석가 과정
 한국정신분석학회, 심층정신치료 고급과정
 
 (출처:http://sangampsy.modoo.at/)","","0"
"8de623e0ec7743659346c884f7a4a35a","c153f95ceb3e4e51879d8513201c132b","강은경 부원장님","차의과학대학교 석사, 박사
 차의과학대학교 분당차병원
 Harvard 의대 Brigham and Women's Hospital Research Trainee
 
 대한불안의학회, 심층과정
 한국정신분석학회, 정신치료 전문과정
 위닥터 자문위원
 
 전) 한서중앙병원 진료과장/ 주간재활센터 센터장/ 초등 ADHD 낮병원/ 룰루랄라 위센터 부센터장
 전) 경기 해바라기센터 아동/청소년 상담의
 (출처:http://sangampsy.modoo.at/)","","0"
"0c8d240de07d498ea4e374f9248b5c5b","a2725573a6a44f8bb01249d8e86567c4","","","","0"
"d0d9ccee5b1b4261a4d40d6e4281c391","1672e00ff6d041d5978d14d84fbf256c","이준영 원장","정신건강의학과 전문의 

학력 
가톨릭의과대학 졸업 
가톨릭의과대학 대학원 졸업 
가톨릭중앙의료원 서울성모병원 수련의 수료 
가톨릭중앙의료원 서울성모병원 전공의 수료 
가톨릭중앙의료원 서울성모병원 외래교수

소속학회 
대한신경정신의학회 정회원 
한국중독정신의학회 이사
대한청소년정신의학회 평생회원 
대한기독정신과 의사회 

교육이수 
청소년 정신치료 및 상담 전문가 교육 과정
집단정신치료 및 사이코드라마 훈련과정 
치매 특별등급 의사 소견서 발급 교육 
도박장애치료 연수교육 

근무지 
성모샘병원 / 위탁형 대안학교 치유학교샘 
남원성일병원 
공군 전투비행단 진료실장 

대외활동  
대한민국의학한림원 중독연구특별위원회 실무위원
문화예술인 안심클리닉 위원
경찰서 신상정보공개 심의위원
서울시 도봉구 정신건강복지센터 임상자문의 
서울시 노원구 중독예방 강사 
광역치매센터 치매전문강사 
도봉구 노인종합복지관 우울증 집단 치료
송파구 노인종합복지관 협력병원
정신의학신문 및 네이버 중독포럼 칼럼 기고

학회발표  
국제중독의학회 발표 - The Addictive Model of Repeated Self-injury 
한국중독정신의학회 CME 강의 - 게임사용장애의 인지행동치료","","0"
"48919c7912fc4be69788ca44ff0b357c","0bc001b734ba48a8b5d980782a502850","","","","0"
"138021db86bb4bbe9e8db2cb6342a648","b31653d93e7b492ca8f02761f9dbf3ca","원장 김소연","정신건강의학과 전문의/
소아청소년 정신건강의학과 전문의
- 가톨릭대학교 의과대학/의학전문대학원 졸업
- 아주대학교병원 정신건강의학과/학습발달클리닉 전임의
- 가톨릭대학교 서울성모병원 정신건강의학과 전공의
- 가톨릭대학교 중앙의료원 수련의

- 인지행동치료 핵심과정 수료
- 정서중심부부치료(EFT) Externship 수료
- 학생정신건강 전문가 연수교육 수료

- 서울성모병원 검진센터 정신스트레스 상담의
- 영등포구 정신건강증진센터 상담의
- 서초구 치매센터 상담의
- 수원아동청소년정신건강센터, 치유형 대안학교 로움학교 상담의
- 경기도 교육청 마음건강닥터
- 경기도청 행정심판 장애등급 자문의

- 대한신경정신의학회 정회원
- 대한 청소년 정신의학회 평생회원
- 대한 소아청소년 정신의학회 정회원

■ 수상이력
- 가톨릭대학교 정신과학교실 최우수 전공의 (2018. 02)
- 대한의학회 표창장 (2013. 02)","","0"
"138021db86bb4bbe9e8db2cb6342a648","76bd74c244924675a80340a57aa8259e","부원장 오지혜","정신건강의학과 전문의/

- 가톨릭대학교 의과대학 졸업
- 가톨릭대학교 정신과학 석박통합과정 수료
- 가톨릭대학교 중앙의료원 정신건강의학과 레지던트

- 위너스병원 진료과장
- 성빈센트병원 정신건강의학과 임상강사
- 서울성모병원 정신건강의학과 임상강사

- 세계수면학회 수면인증의
- 대한수면학회수면인증의
- 중독정신의학회 총무간사","","0"
"99e22719c08949f0ba7ef4f474c220e4","a17d32ca319b493fbd7c63569e39d5b4","대표원장 곽현정","약력
- 가톨릭대학교 정신과학교실 외래조교수

- 가톨릭대학교 의과대학 졸업 (대한의학회 우등 졸업생 수상)

- 서울성모병원 수련의

- 서울성모병원 정신과 전공의

- 서울성모병원 정신과 최우수 전공의

- 정신건강의학과 전문의 2차 선발고사 수석 합격

- 인천바오로병원 정신건강의학과 과장

- 리본병원 정신건강의학과 과장

- 성모마음정신과 부원장 

소속학회 및 경력

- 대한신경정신의학회 정회원

- 한국중독정신의학회 평생회원

- 대한청소년정신의학회 평생회원

- 성모마음행복학교 자문의

- 교육부 학생정신건강지원센터 자문의

- 보건복지부 치매특별등급소견서 발급자격 취득

- 보건복지부 의료인 금연치료 자격 취득","","0"
"99e22719c08949f0ba7ef4f474c220e4","cbb840e8c65949b5a795ed607de4a86d","원장 주수현","약력
- 2015-2022 가톨릭대학교 서울성모병원/부천성모병원 교수

- 가톨릭대학교 의과대학 졸업

- 가톨릭대학교 의과대학 석사, 박사

- 서울성모병원 수련의

- 서울성모병원 정신과 전공의

- 정신건강의학과 전문의

- 서초구치매안심센터 센터장

- 국립교통재활병원 정신건강의학과 과장

소속학회 및 경력

- 대한신경정신의학회 정회원

- 대한노인정신의학회정회원 및 인증의

- 대한생물정신의학회 편집간사

- 인지중재치료학회 수련간사

- 2015 대한노인정신의학회추계학술대회최우수포스터상

- 2016 대한생물정신의학회춘계학술대회최우수논문상

- 2017 대한노인정신의학회추계학술대회우수포스터상

- 2021 대한생물정신의학회춘계학술대회최우수논문상

 다수의 저서 및 SCI 및 KCI 등재 논문
특허 보유 (인지장애 환자의 아밀로이드 PET 양성 예측 모델 및 이를 이용한 예측 방법)","","0"
"9b0728f34cd843639f6db75ba207a7bb","60775c58571b470bb7d96feafa2243e6","대표원장 최은경","경력
두드림 소아청소년 정신건강의학과 부원장
근로복지공단 인천병원 정신건강의학과 과장
인천사랑종합병원 진료과장
서울 성북구 치매안심센터 촉탁의
LG CNS 연구개발센터
학력
건국대학교 임상 강사 및 박사 수료
건국대학교 의학전문대학원 졸업
건국대학교병원 정신건강의학과 전공의 수료
서울대학교 자연과학대학원 석사 졸업
이화여자대학교 자연과학대학 학사 졸업
학회
대한신경정신의학회 정회원
한국정신분석학회 정회원
심층정신치료 고급과정 졸업
정신치료전문 과정 [한국정신분석학회]
정서중심적 부부치료(EFT) Externship
EMDR Workshop
METTA 인지행동치료 핵심과정 수료
노인정신건강인증의 [대한노인정신의학회]
대한소아청소년정신의학회 평생회원
정서인지행동학회 평생회원
직무스트레스학회 평생회원","","0"
"174af917d79343a3b7a5294fd6261cec","5147b5ea51794261995745baa384ff92","원장 진혜경","닥터진 힐링 정신 건강의학과 의원 원장(현)
연세대학교 의과대학 정신과 외래교수(현)
 
전공분야
선경정신과 전문의 : 신경정신의학
소아청소년정신과전문의:소아청소년정신의학

학위
국립서울병원 소아청소년 정신과장
보건복지부 부이사관(3급 고위공무원)
국립서울병원 학대아동보호팀장
국립서울병원 소아청소년 정신과 전임의 및 정신과 수련교육부장

약력 및 대외학회 활동경력
연세대 의과대학 연세의료원 정신과 전공의 수련수료
서울특별시 어린이, 청소년 건강사업지원단 위원
서울특별시 학교처소년상담센터 특별상담원
솨청소년 정신과 전임의 및 정신과 수련교육 책임자
청소년 폭력예방재단 자문위원
서울동부지방검찰청 아동보호사건 전문수사자문위원 위촉
청소년 폭력예방재단 자문위원(학교폭력 SOS 지원단)
서울시립아동상담치료센터 자문위원
한국발달장애교육치료학회 회장
한국가족마음건강협회장
한국행동분석학회 부회장
대한 소아청소년 정신의학회 감사 및 정회원
대한 청소년 정신의학회  이사
대한 우울/조울병 학회 이사
한국 여성 정신의학회 이사
 
상훈경력
표창장 : 행정안전부
이화를 빛낸 상(이화여고)","","0"
"8e315b2c7b4043449f71a0508a11531e","61e3c1c8218b4be691ea9d06494402f0","원장 김영화","이화여자대학교 의과대학 및 대학원 졸업
신경과, 정신과전문의 자격 취득 (1985)
미국 유타주 PCMC(Primary Children's Medical Center) 및 유타주립대학 소아정신과 연수 (1988~1991)
서울대학교 병원 소아정신과 전임의 수료 (1992)
소아 청소년 정신과 전문의 자격 취득 (1992)
서울 강동신경정신과 의원 원장 (~현재)
현재
서울시 강동구 의사회 부회장
대한 정신건강의학과 의사회 부회장
여성가족부 정책자문위원 (2013.6.1~2014.5.31)
한국 양성평등교육진흥원 초빙교수 (2015.2.1~2017.2.28)
서울시 교육청 위센터 자문의 (2018.3.1~현재)
강동구 자살예방협의회 부회장 (2015.2.1~현재)
국가인권위원회 아동인권 자문위원 (2019.5.1~현재)
강동소아정신과의원 원장 김영화
저서
<내 아이 마음에 무슨 일이 생긴 걸까>(한울, 2009년)
<다문화 사회와 어린이(역서)>(한울, 2010년)
<사춘기뇌가 위험하다>(해피스토리,2011년)
<학교폭력> (한울. 2012년)
<사춘기, 엄마가 모르는 아이의 비밀> (경향에듀. 2012년)
<학교폭려고가 괴롭힘예방> (학지사, 2014년)
<마음이 아닌 뇌를 치료하라> (한울 2017)
<엄마로 살기가 힘들 때 읽는 책> (원앵원 에듀 2018)
<우리아이의 행복을 위한 성교육> (메이트 북스 2018)
<6주만에 끝내는 공황장애 치유법> - 메이트북스 2020
<코로나 블루 긴급처방전> - 한울 2021
TV 및 라디오방송 출연
EBS «라디오 생방송 자녀교육 상담»
평화 라디오 방송 자녀교육 정기상담자
KBS «무엇이든 물어보세요»
EBS TV 자녀교육 상담 프로그램
다솜 케이블 교육방송
경인방송 다문화가족 치료프로그램
C&M 케이블TV «TV위크앤-우울증 치료»
생활건강TV «메디컬 인사이드 뉴스» 소아정신과 명의 포커스인메디
아리랑TV 다문화 다가정 다함께 (188개국 방영)
신물컬럼 연재
한국일보 [삶과 문화] 컬럼니스트 (2011.7월~12월)
동아일보 오피니언 컬럼기재
동아일보'김영화의 성교육' 컬럼연재(2013.1월~6월)
여성가족부, 양성평등연구원 컬럼연재(2014.5월~현재)
정신의학신문 (2018.2월~2020.3월)
베이비타임즈 (2016.3월~현재)","","0"
"837122311dd9402db29135c813cc0501","2943885c986c4c0ca112b735c887a7e9","원장 김원","정신건강의학과 전문의
경희대학교 의과대학 졸업
국립정신건강센터 전문의 과정 수료

 
경희대학교를 졸업한 후, 국립정신건강센터에서 정신과 전문의 과정을 수료하였습니다. 르네스병원, 루카스병원, 부천평온의원 등에서 외래 및 입원 진료경험을 쌓았습니다. 불안, 공황, 불면, 우울, 조울, 조현, 중독의 약물치료와 인지치료에 관심이 있습니다. 

4년간 도봉중독관리지원센터의 센터장을 맡았고, <중독자의 내면심리 들여다보기>라는 책을 번역하였습니다. 진료받는 분들을 위해 [평온한 용기 https://blog.naver.com/serenecourage]라는 블로그에 글을 올리고 있습니다. 

평온함은 우리의 삶도 자연과 생명의 한 부분임을 받아들일 때 찾아오는 것 같습니다. 어려움 속에서도 ‘어찌할 수 있는 것’을 찾아 바꾸는 노력을 함께 하겠습니다.

진료 요일 : 월, 화, 수, 목 / 토(격주)","","0"
"837122311dd9402db29135c813cc0501","554e62e310ac4c9eb889a5e07fd41025","원장 김만","정신건강의학과 전문의
경희대학교 의과대학 졸업
국립서울병원 전공의 수료

 
경희대학교를 졸업하였고, 국립서울병원(현 국립정신건강센터)에서 정신과 수련을 하였습니다. 요나클리닉, 세이페병원, 루카스병원, 송파미소병원 등에서 원장 및 과장으로 진료를 하며 20여년 이상 임상 경험을 쌓았습니다. 중독정신의학회, 불안학회, 대한수면의학회 등의 회원으로 공부하며, 정신건강증진센터, 중독시설협회, 전문가협회 등의 자문과 강의를 다니고 있습니다. 중독가정자녀에 관심이 있어 <중독가정 아이들이 회복에 이르는 길>이라는 책을 번역하였고, 블로그 www.alcoholism.co.kr를 운영중입니다.

여유와 놀이, 마음 뿐 아니라 몸의 건강도 중요하다고 생각합니다. 불완전한 우리들이지만 함께 평온한 삶을 만들어가는 협력자라 생각하며 하루하루를 채워 나가겠습니다.      

진료 요일 : 화, 수, 목, 금 / 토(격주)","","0"
"95b4bc1bc7e343d7af2df040f1b1e177","b1b527b451cd49f795238b2c7a6c6441","원장 노준호","1정신건강의학과  전문의
2대한정신건강의학회 정회원
3대한명상의학회 정회원
4(전) 화성초록병원 부원장
5경희대학교 의학과 졸업
6동국대학교 명상심리상담 석사","","0"
"61ccd89901ac4976b1761afe82392c24","0821964d983849848376b00cbf4194b8","원장 김유라","가톨릭대학교 의과대학 졸업
가톨릭중앙의료원 정신건강의학과 전공의수료
가톨릭대학교 성모병원 임상조교수
가톨릭중앙의료원 외래교수
의정부성모병원 부원장
대한신경정신의학회 정회원
대한불안의학회 평생회원
한국직무스트레스학회 정회원","","0"
"61ccd89901ac4976b1761afe82392c24","1644eca401fa43ed9721b9d645497d21","원장 최하나","경희대학교 의과대학 졸업
가톨릭중앙의료원 정신건강의학과 전공의수료
강북삼성병원 기업정신건강연구소 임상조교수
삼성전자 마음건강클리닉 
대한신경정신의학회 정회원
한국직무스트레스학회 정회원
한국자살예방협회 정회원","","0"
"4df7dc4505df4388ad01422e220df5a2","fab6907086804d7f84a994e493999bb1","","","","0"
"8ea1c6c8a2d1445e8286b4cc0875b64d","e15265fc88a346b8a16e19a08ecde1b0","","정신건강의학과 전문의

소아청소년정신과 전문의



*



이화여자대학교 의과대학 졸업

이화여자대학교 의과대학 대학원 정신과학 석사

이화여자대학교 정신과학교실 외래교수



카톨릭중앙의료원 인턴

이화여자대학교 부속병원 정신과 전공의

 - 건국대학교병원 신경과 (이일근 교수님) 파견 수련 

 - 서울아산병원 소아정신과 (유한익 교수님) 파견 수련

한양대학교병원 소아정신과 전임의

소아청소년정신과 분과전문의 관련 지도감독 선생님

 - 중앙대학교병원 이영식 교수님

 - 노경선 선생님



새희망병원 정신과/소아정신과 진료과장

아나병원 정신과/소아정신과 진료과장



교육청 Wee센터 자문의

드림스타트센터 자문의

치매진료의사 전문화교육 이수

치매특별등급 의사소견서 발급교육 이수

근로복지공단 산재자문위원

중독관리통합지원센터 센터장 역임

교육청 특수교육운영위원회 위원

보건소 자문위원



대한 신경정신의학회 정회원

대한 소아청소년정신의학회 전문 정회원

대한 정신건강의학과의사회 정회원","","0"
"9bd47258a5384fd9a10665f3523f41dc","703cf438abbb47548449df239e701773","대표원장 이유","의학박사/전문의  이유진 대표원장 M.D, Ph.D
- 서울대 의과대학원 의학박사
- 순천향의대 석/학사(6년 전액 입학장학생)
- 서울대병원 정신건강의학과 펠로우/수면의학센터 임상강사 
- 서울시 은평병원 재활정신의학과과장/레지던트교육수련부장
- 순천향대학교병원 외래교수
약   력 : 의학박사/전문의  이유진
Yu-Jin Gina Lee, MD, Ph.D, Psychiatrist
- 서울대학교 대학원 의학박사 
- 순천향대학교 대학원 의학석사 
- 순천향대학교 의과대학 의학학사 (6년 전액 입학 장학생) 

- 순천향대학교병원 외래 교수 
- 서울시 은평병원 재활정신의학과장/레지던트교육수련부장/연구윤리위원 역임
- 서울대학교 의과대학 정신건강의학과 수면의학센터 임상강사 역임
- 이지브레인센터 부천점 부원장 역임
- 춘천 서인정신병원 진료과장 역임 

- 대한신경정신의학회 정신건강의학과 정회원 전문의
- 대한수면의학회 정회원 윤리이사/학술간사
- 한국정신분석학회 정회원 기획위원/수련고시위원 
- 대한정신건강의학과의사회 자문위원
- 대한기독정신과의사회 정회원
- 한국정신분석학회 심층정신치료 고급반
- 국민연금공단 장애심사 자문의 
- 서부운전면허시험장 면허적합판정 자문위원 
- 대한수면의학회 수면다원검사 인증교육 강사

- SCI/SCIE 학술지 「 Neuroimage : Clinical 」 등 국내외 저명학술지 다수 게재 (17건) 
- 미국수면학회 2017년 정기학술대회 「불면증 환자 대상 인지행동치료의 뇌MRI 기능연결성 분석」 
  등 국내외 학술회의 다수 발표 (31회)   
- 국내 대기업 대상 정신건강의학 관련 각종 프로젝트 다수 수행
- 서울대학교 의과대학 「 신경학 19장 수면장애」 제 4판, 5판 등 정신건강의학과 교육 교재 다수 저술
- 의료취약계층 대상 수면/중독 관련 정신건강강좌 등 공공의료서비스 다수 활동   
- 2017 대한수면의학회 추계학술대회 젊은 연구자상 등 다수 수상","","0"
"e8c4df7568a44447b70c65a2e8997b9f","3de25119fc984d60ab086dbb2ed95cb4","원장 손승현","정신건강의학과 전문의
울산대학교 의과대학 졸업
서울아산병원 인턴 수료
서울아산병원 정신건강의학과 전공의 수료
서울아산병원 정신건강의학과 최우수 전공의 수상
울산대학교 의과대학 대학원 석사과정 졸업
국군대전병원 정신건강의학과 과장
서울아산병원 정신건강의학과 정신증 전임의 수료
서울아산병원 정신건강의학과 소아청소년 정신의학 전임의 수료
소아-청소년 정신치료 심화과정 수료
아동정신치료의학회 정회원
대한신경정신의학회 정회원
대한소아청소년정신의학회 정회원
서울아산병원 정신건강의학과 외래부교수
아동정신치료 400례 이상
청소년 정신치료 200례 이상
아동청소년 정신질환 6000례 이상
성인/ 노인 정신질환 20000례 이상
송파구 정신건강복지센터 대상 사례관리, 특강
2019년 서울아산병원 홈페이지 질환 백과 검수
아티스트 프로젝트 그룹 TEAMBOTTA 소속 DIRECTOR, STORY DESIGN
저서
공부하는 뇌, 성장하는 마음 (공저)
감정에 휘둘리는 아이, 감정을 잘 다루는 아이","","0"
"e8c4df7568a44447b70c65a2e8997b9f","a64e1f1804234bff84ca37e76c441aa2","원장 김시영","정신건강의학과 전문의
이화여자대학교 심리학과 졸업
건국대학교 의학전문대학원 졸업
서울아산병원 인턴 수료
건국대학교 서울병원 정신건강의학과 전공의 수료
강원대학교병원 정신건강의학과 소아청소년 정신의학 전임의 수료
부천루카스 병원 진료과장
아동정신치료의학회 정회원
대한신경정신의학회 정회원
대한소아청소년정신의학회 정회원
대한비만학회 정회원
2018년 정신건강전문가 학교방문 지원사업 강원권역 부센터장
2019년 강원도교육청 위탁 강원대학교 병원 Wee센터 부센터장
2019년 보건복지부 위탁 강원대학교병원 행동발달 증진센터 부센터장
2019 ~ 2020년 강원도 교육청 Wee 센터 자문의
2020년 경기도 교육청 대안교육 위탁기관 병원형 Wee센터 부센터장
2020년 한국교육환경보호원 학생정신건강지원센터 연구용역
[관리자용 학교 재난위기개입 전문과정 교육 훈련 매뉴얼 개발 연구] 공동연구원","","0"
"a8c69006d86c478890d5e9a25d0a7aa5","a9e14a391a9e48c8afd65d9fe2333b23","원장 김종하","대한신경정신의학회 회원
한국정신치료학회 회원
국제정신치료학회 회원
아시아태평양 정신치료학회 회원
미국정신분석학회 회원
미국정신의학학회 회원
대한비만학회 회원
한림의대 외래교수
KBS 라디오 2000년 1월 ~ 11월 매주 화요일 ""무엇이든 물어보세요"" 고정출연
KBS건강 365 칼럼 다수 연","","0"
"7b943e739579424da1efd76c18da732a","b322d3aac4e441039eb1924b1a30e61f","원장 강준모","송파구통합사례관리 자문위원
중앙대학교 의과대학 외래교수
가천대학교 의과대학 외래교수
가톨릭관동대학교 의과대학 외래교수
정량뇌파 & 뉴로모듈레이션 연구회 정회원
전) 인천참사랑병원 진료원장
한국중독정신의학회 평이사
한국중독정신의학회 평생회원
전) 송파미소병원 진료과장
국군홍천병원 진료과장
대한신경정신의학회 정회원
중앙대학교병원 정신건강의학과 스포츠 정신의학 전임의 수료
 
2014 MLB baltimore orioles sports psychiatry training course
한국빙상연맹 국가대표 스피드스케이팅 서수 심리분석 및 자문
2016 인천 아시안게임 국가대표 남여핸드볼대표팀 심리분석 및 자문","","0"
"088c8244b53e450c903061fad21c6db0","12ad1809b11a4487896a3dfe33c66385","원장 구현숙","- 정신건강의학과 전문의
- 삼성서울병원 수련의
- 국립서울병원 정신과 전공의
- 대한신경정신의학회 정회원
- 대한청소년정신의학회 정회원
- 대한 부부가족치료연구회 사례코스수료
- 전)로뎀정신과 부원장
- 전)한국 영성치유연구소 강사
- 전)여주 삼성신경정신과 부원장
- 전)여주정신건강복지센터 자문의
- 전)실버힐스병원 진료부장","","0"
"1aef2649c9d74812b74cf5cf4e07753b","0a18de572cf145ad9b2034f5481b45c9","대표원장 배종빈","정신건강의학과 전문의
분당서울대학교병원 정신건강의학과 교수
중앙치매센터 부센터장
분당서울대학교병원 정신건강의학과 임상강사
국방부 26사단 정신건강반장
서울대학교병원 정신건강의학과 전공의
서울대학교병원 인턴
서울대학교 의과대학 석박통합과정 (정신과학 전공)
서울대학교 의과대학 졸업
수상이력
과학기술정보통신부장관 표창 (디지털헬스케어 산업 발전 공로)
The 19th International Congress of the Pacific Rim College of Psychiatrists, Young Presentation Award
국방부장관상 (전군응급처치 경연대회)
정신건강의학과 전공의 수행평가 우수상","","0"
"2b4bf581a3fb4872a8a93154a53ee9cc","05e18341c600467aa06c20db794e893b","원장 박병선","대성정신건강의학과의원 원장
한국정신분석학회 정회원
범무부 법사랑위원 인천지역연합회 위원
가천대학교 외래교수
지성병원 진료부 진료부장
해암병원 진료과장
국군홍천병원 정신과 진료부장
국군철정병원 정신과 과장
서울특별시 서울의료원 정신과 수련의

학력사항
조선대학교 의학 학사
 
수상내역
범무부장관 표창
인천광역시장 표창","","0"
"558dd1fb50c24094841a901baf686966","681da3b7a20e4fefb99392b6ce5d9bb3","대표원장 이경상","삼성서울병원 정신건강의학과 전임의
정신건강의학과 전문의""
이제대 일산백병원 정신건강의학과 전공의
충남대학교 의과대학 의학과 졸업
숙명여자대학교 임상의료치료학과 석사
전) 서초구 정신건강증진센터 센ㅌ너장
전) 서울 지방 병무청 징병전담의사
전) 청량리 정신병원 진료과장
전) 음성소망병원 진료과장

대한 신경정신의학회 정회원
대한 노인저신의학회 정회원
한국음악치료학회 정회원
대한 노인정신의학회 노인정신의학 인증의
한국음악치료학회공인1급임 임상음악전문가","","0"
"558dd1fb50c24094841a901baf686966","ac7ef8e851f640e2a977e3d54801c873","원장 김세영","정신건강의학과 전문의
고려대학교 안산병원 전공의
고려대학교 의과대학 의학과 졸업

대한신경정신의학회 정회원
대한불안의학회 불안장애 심층치료과정 수료
한국저신분석학회 정신치료 전문가과정 수료
한국정신신체학회 정신신체전문가 과정 이수","","0"
"64972bbe24ad4908b9e1b8104e67bdc7","df8eb46d55f44e968aa5ab30b72f59ca","원장 김선미","","","0"
"9ca5eb1e04794e22a3029c756edfc978","994cbf8ea67c42f19b7de1ce4644ffbe","원장 안나영","정신건강의학과 전문의
  
아주대학교 의과대학 졸업
아주대학교 의학대학원 졸업, 의학석사
아주대학교 의과대학 정신건강의학교실 자문교수
연세대학교 세브란스병원 진료협력의원 전문의

오은영소아청소년클리닉 부원장역임
(2014. 3 ~ 2019. 10)

KBS 다큐멘터리 '감성회복 프로젝트' 자문
삼성전자 Creative Lab 제품개발 자문위원
경기도 의료원, 중앙아동보호전문기관 아동학대예방 강연 외 다수
경기도 보육기관 내 강연 및 학부모 상담

대한불안의학회 심층교육과정 수료
EMDR Basic training course 수료
IPT(Interpersonal psychotherapy) level A 수료

대한신경정신의학회 정회원
대한정신건강의학과의사회 정회원
대한소아청소년정신의학회 평생회원
대한불안의학회 정회원
학교응급심리지원 전문가","","0"
"9ca5eb1e04794e22a3029c756edfc978","9984397cd835490695105a40d4aaa33f","임상심리사 김혜인","임상심리사 김혜인
한국임상심리학회 임상심리전문가 
보건복지부 정신건강임상심리사 2급 

서울대학교병원 정신건강의학과 및 소아정신건강의학과 임상레지던트과정 수료 
아주대학교 심리학과 석사 졸업 

전) 서울해바라기센터 심리지원팀 
전) 서울해바라기아동센터 심리지원팀
전) 중앙심리부검센터 유족지원팀 
그 외 심리상담센터, 연구소, 학교, 유관 기관 상담/ 강의/ 임상 자문","","0"
"12e6309b77474a0c8cfc6f19a43c9cf8","557a5412b07f4a51b5601bfc7eccd64e","","","","0"
"cbb7fae5a936402f97688db5675b8b4c","5f3b4a1628cf4b6a89972a0bb43029ad","전현수","약력
11956년 부산출생
2경남고등학교 졸업
3부산대의대 졸업
4순천향대학병원 신경정신과 수련
5정신건강의학과 전문의
6한양대학교 의과대학 신경정신과 석사, 박사 과정수료
7한양대학교 의과대학 의학박사
8한양대학교 의과대학 신경정신과 외래교수
9미국 최면 워크숍 2회 참가
10서울가정법원 가사조정위원 역임
11KBS아침마당, 이계진의 독점여성에 고정출연 외 방송활동 다수
12대한 가족협회 등 정신건강 강의 다수","","0"
"39f4b549ec9e4e0295b3acd8d71c8d35","2ef54d064a8f456da7c8c84dd8065e10","","","","0"
"ec6122bfe09947d2a7b03d384f00a02d","abe90a64269f42819dcf4fbac1645fab","","","","0"
"2d39e2e05668495981fab58073bb7eb0","aa2348b936084d46872afcc614fcc573","원장 강원용","연세강신경과정신과 대표원장
정신건강의학과 전문의
신경과 전문의

현) 연세대학교 외과대학 외래교수
현) 연세대학교 신촌세브란스 외래교수
연세대학교 의과대학 졸업
연세대학교 의학대학원 의학 석사 졸업
여세대학교 신촌 세브란스 정신과 전공의 수료
연세대학교 신촌세브란스 신경과 전공의 수료

현) 서울특별시의사회 대의원
현) 서울동부지방검찰청 정신감정 자문위원

전) 서울지구병원 신경정신과 진료과장
전) 건국대학교 의학대학원 외래교수
전) 한림대학교 의과대학 오래교수

대한 신경정신의학회 정회원
대한 신경과학회 정회원
대한 치매학회 정회원","","0"
"2d39e2e05668495981fab58073bb7eb0","53d92249f5e24fc8ad63ce41d1ef686b","원장 윤경서","연세강신경과정신과 원장
정신건강의학과 전문의
한양대학교 의과대학 졸업

한양대학교병원 저신건강의학과 전공의 수료/전문의 취득
현) 한양대학교 구리병원 외래교수
현) 구리시 치매안심센터 협력의사
전) 성동구 정신건가복지센터 상담의
전) 양평균 정신건강복지센터 상담의
EMDR Basic Training Course 수료
치매 진료의사 전문화 교육 수료

대한신경정신의학회 정회원","","0"
"2d39e2e05668495981fab58073bb7eb0","056e822aced641e68b415f4d15ed9bc5","임상심리전문가 이유나","","","0"
"2d39e2e05668495981fab58073bb7eb0","d890043bb1904089917b62f1d29eb84a","임상심리전문가 조예희","","","0"
"2d39e2e05668495981fab58073bb7eb0","74de1d3cd90246909143c29be734303f","임상심리전문가 백은영","","","0"
"75be4fb76ca94bc6b0a37bf5f522d986","3d40648267494c47a6a088fe29ea9ec8","원장 이유라","약력정신건강의학과 전문의
대한노인정신의학회 노인전문인증의
학력 & 수련연세대학교 의과대학 대학원 졸업
서울대학교 정신과학 교실 research fellow
한국정신분석학회 정신치료 심층반 졸업
국제정신분석학회(IPA) 한국연구그룹(KPSG) 국제정신분석가 과정
경력전 대한노인정신의학회 교육위원회 교육위원
전 한빛 정신과 의원 부원장
전 서울 시립 북부 병원 정신과 과장
전 서울시 중랑구 치매지원센터 센터장 및 중랑구 정신보건자문위원
전 부천 시립병원 정신건강의학과 과장 및 학대위원회 자문위원

대한신경정신의학회 정회원
한국정신분석학회 정회원
대한노인정신의학회 정회원","","0"
"140d25f4769b4b218612106cf9ae76c0","5bdcab44968b4abfa1eb3de32a5b9c2f","대표원장 이화영","약력
전) 한마음병원 부원장
전) 윤정신건강의학과의원 부원장

학회활동
대한 신경정신의학회 정회원
대한 정신건강의학과의사회 정회원
대한 불안의학회 정회원
대한 불안의학회 불안장애 심층 치료과정 수료
대한청소년정신의학회 평생회원
대한 정신약물학회 정회원
치매 진료의사 전문화 교육 수료","","0"
"1888ff0e5d1b47939c9ded5b32044dea","aee44f16d2ee4b1799af67e35e36b335","대표원장 김명현","정신건강의학과 전문의



성균관대학교 의과대학 졸업

성균관대학교 대학원 의학과 석사 졸업

삼성서울병원 인턴 수료

삼성서울병원 정신건강의학과 레지던트 수료

삼성서울병원 정신건강의학과 임상강사 수료

삼성서울병원 진료협력의



대한신경정신의학회 정회원

대한불안의학회 정회원

대한정신건강의학과의사회 정회원

대한소아청소년정신의학회 정회원



전) 성균관대학교 학생상담센터 자문의

전) 부산대학교병원 발달장애 거점센터 파견의

전) 삼성서울병원 사회공헌팀 초등학생 진로멘토링 자문의

전) 강남서초교육지원청 꿈넘꿈 진로체험 멘토

전) 연세자람정신건강의학과의원 부원장","","0"
"1888ff0e5d1b47939c9ded5b32044dea","3aa00fc66b6445d4bba93188d42f65f4","임상심리사 김다해","경력

서울대학교 심리학과/생명과학부 졸업

서울대학교 대학원 심리학과 임상상담심리학 전공 석사 졸업

삼성서울병원 정신건강의학과 임상심리 레지던트 과정 수료

전) 삼성서울병원 정신건강의학과 연구원 



현) 도곡삼성마인드슬립의원 임상심리전문가



자격

한국임상심리학회 공인 임상심리전문가

보건복지부 공인 정신건강임상심리사 1급



논문

Kim, D., Park, S., An, J. H., Kim, M. H., Chang, H., & Hong, J. P. (2022). Exploring

trajectories of depressive symptoms in North Korean defectors: A latent class mixed

analysis. Frontiers in Psychiatry, 1988.","","0"
"76cd48cf55814320837af8ab160e1e3a","7be043a9effc46f2ae1f823dd943b7de","원장 남수용","이화대학 의과대학 졸업

이대병원 정신과 전공의

연대 세브란스 병원 소아정신과 전임의

국제신경정신약물학회(CINP) 우수논문 선정

영국 Tavistock & Portman NHS 연수

영국정신분석학회 Kleinian 교육분석

한국정신분석학회 전문과정 위원

대한소아청소년 정신건강의학회 정회원

대한 정신건강의학회 정회원","","0"
"b4071001cbfd4bb889027ba5f8d93f83","f14b89db505e4f4dbb5612bf6b5e6b09","김권곤","조선대학교 의과대학 졸업
국립정신건강센터 전공의
해군본부 대위
해군포항병원 진료과장
이문신경정신과 부원장
행복한 병원 진료과장
송추정신병원 진료과장
서울특별시 축령정신병원 진료과장
대한신경정신의학회 정회원
대한정신건강의학과 의사회 정회원
대한조현병학회 정회원
대한우울조울병학회 정회원
대한노인정신의학회 정회원
한국중독정신의학회 평생회원
대한불안의학회 평생회원
대한정신약물학회 평생회원
한국정신신체의학회 평생회원
치매 특별등급 및 치매 전문화 교육과정 수료
학교폭력극복을 위한 정신건강의학과의사 
100인 위원회","","0"
"4a92856166834464833871ca54960338","4011062ef14c4228ab588d986e340c5d","","","","0"
"d6ed7d43b4bc49c0ae4ead0a55cff5ff","0b45e87b2a38444d9b02354563e5b6bf","","","","0"
"951c1dd45d23472ebe4d125eebe46592","04ab3af3c110408a92debcab8c6b67f9","원장 심진현","의학박사. 정신건강의학과 전문의 (P1309)
소아 청소년 정신건강의학과 분과 전문의(94호)
고려대학교 의과대학 박사 정신건강의학과학전공
성균관대학교 의과대학 임상 조교수 역임
경희대학교 의과대학 학생설계 선택과정(SDE) 실습지도교수 (2022년도)
대한 소아 청소년 정신건강의학과학회 개원정보이사(2022-현재)
대한 소아 청소년 정신건강의학과의사회 부회장(2022-현재)
대한 청소년 정신의학회 감사(2013-2017)
시립 서울장애인 종합 복지관 자문위원
서울 특별시 발달장애인 지원센터 자문위원
서울특별시 광역 청소년 상담센터 푸른존 자문의
서울 가정 법원 심리상담 전문가
서울시 교육청 특별 상담원(2000-2002)
강동 드림스타트 자문위원 (2017-2021)
서울 구화 학교 교의, 서울 정신여고 학폭 심의위원, 서울고등학교 운영위원 역임
대한 신경 정신의학회 대한 소아 청소년 정신의학회 대한 중독 정신의학회
대한 청소년 정신의학회 대한 신경 약물 학회 정회원 및 평생회원","","0"
"951c1dd45d23472ebe4d125eebe46592","5922f50d92d54d9b88fdf6f4b19fd526","전문의 서주원","정신건강의학과전문의 (P1532)
소아 청소년 정신건강의학과 분과 전문의 (331호)
중앙대학교 의과대학 및 대학원 졸업
성균관의대 강북삼성병원 정신건강의학과 전공의 수료
성균관의대 강북삼성병원 소아청소년 정신건강의학과 전임의 수료
성안드레아 정신건강의학과 과장역임
청량리 정신건강의학과 과장역임
메티스 정신건강의학과 과장역임
성균관의대 강북삼성병원 정신건강의학회 외래교수 역임
국무총리 산하 청소년 보호위원회 인터넷 중독치료 모델 남부지역 자문의 역임
대한 소아청소년 정신의학회 홍보위원 역임.
대한신경정신의학회 정회원
대한 소아청소년 정신의학회 평생회원
대한 불안장애학회 정회원","","0"
"951c1dd45d23472ebe4d125eebe46592","9832269166a642e8bcc31991a7944262","전문의 임은정","정신건강의학과 전문의
인제대학교 의과대학 졸업
인제대학교 일산백병원 정신건강의학과 전문의 수료
대한 정신분석학회 정신치료 전문과정 수료
대한 불안의학회 불안장애 심층과정 수료
치매 진료의사 전문화교육 수료
호스피스 완화의료 전문인력과정 수료
대한 신경정신의학회 정회원
대한 우울조울병학회 정회원
대한 불안의학회 정회원
대한 수면의학회 정회원
대한 조현병학회 평생회원
대한 노인정신의학회 평생회원
전 미래병원 진료과장","","0"
"c3d73b2163dc47d3b99bf92f125097e3","1ab1fdfaa90a4aeca2277ae13637e14f","원장 이소영","서울대학교 의과 대학 졸업
서울 아산병원 정신과 전문의
동서울 병원 부원장
한도 정신 병원 진료 부장
대한 신경정신의학회 정회원
대한 신경정신과 의사회 저오히원
대한 불안 학회 회원
스키마 치료 전문가 과정 수료
칼럼 ""이소영의 오픈 마인드"" (missy USA)
저서 ""마음의 매듭을 푸는 법"" (위즈덤 하우스, 2012)","","0"
"a2dfd33563d840469501b7c40df1644f","920e8f0ea4d646a98b4cd94724b6ac0c","원장 박임순(확인 필요)","* 서울대학교병원 인턴, 레지던트 과정 수료(정신과 전문의 취득)
* 일본 교토대학(京都大學)의학부 부속병원 정신과신경과 연수
* 1995년부터 의료법인 축력복음병원 서울특별시립 축령정신병원 근무","","0"
"7ac62eb1d15448f49df2c202b5d011c9","271621dd102b426bb7b8ec158a0b2458","원장 오유진","연세나루정시건강의학과의원 원장
세브란스의료원(신촌) 인턴
원주세브란스기독병원 정신건강의학과 전공의
내안에병원 진료과장
행복한 마음의원 원장
전문분야
우울, 불안, 공황, 불면, 노인성질환(치매), 식이장애, 강박, 직장스트레스, 청소년상담, 부부상담","","0"
"4283efc1567b4a378cb2dfcd132b19b4","018edcf4976548eabd5e55281d11168a","원장 김선재","마음정신건강의학과의원
현)마음정신건강의학과의원원장
전)팜트리신경정신과, LPJ마음건강, 마음건강의원 원장
정신건강의학과 전문의
중앙대학교 의과대학 졸업
고려대/인제대/중앙대 외래교수
의정부의료원 정신과 과장
대한신경정신의학회 정회원
한국인지행동치료학회 정회원
네이버지식인 건강, 의학 위촉 상담의","","0"
"f5f718a90ba24a69a29c4337b4008e31","ed970eb822be4601ad8c35021a464be6","김신형","정신건강의학과 전문의

전) 서울지방병무청 징병검사 전담의

전) 목동 마음의뜰 정신건강의학과의원 원장


학회

대한신경정신건강의학회 정회원

대한우울조울병학회 정회원

대한불안의학회 정회원

대한정신약물학회 정회원

대한청소년정신의학회 평생회원


교육이수

EMDR Basic Training Course 이수 (W1)

국제 정서중심부부치료센터 정회원

정서중심부부치료(EFT) Externship 이수

노인장기요양 5등급 의사소견서 발급교육 이수

교육부 학생건강정신센터 심리지원단 

대한정신건강재단 문화예술인 안심클리닉 위원 (보건복지부, 문화체육부)","","0"
"911721c2255e4de98a827a5f20faf5bd","1e0292e9d0234b5596ea7f83a0f8b3de","원장 정재훈","가톨릭대학교 의과대학 수석입학/졸업
가톨릭중앙의료원 인턴 수료
가톨릭중앙의료원 정신건강의학과 레지던트 수료
가톨릭대학교 대학원 의학박사 수료

보건복지부 국립부곡병원 정신건강의학과 진료과장 역임
보건복지부 국립공주병원 소아청소년클리닉 진료과장 역임
교육부 학교방문사업 자문전문의 역임
교육부 Wee 센터 자문전문의 역임
국립공주대학교 보건진료소 촉탁의 역임
의정부힐링스병원 진료원장 역임

대한신경정신의학회 정회원
대한신경정신의학회 지도전문의
한국정신분석학회 정회원, 학술간사
국제정신분석학회 IPA allied center 회원
대한정신건강의학과 의사회 정회원
대한소아청소년정신의학회 평생회원
대한청소년정신의학회 평생회원
서초구 치매안심센터 촉탁의

국제EMDR협회 EMDR Institue Basic Training Course Weekend 1 수료
치매특별등급 의사소견서 발급 교육 수료
대한조현병학회 Fellowship 수료
의료인 금연진료 교육과정 이수","","0"
"911721c2255e4de98a827a5f20faf5bd","5f5395a90ceb4cb5b88902137217601e","원장 주채린","계명대학교 의과대학 입학/졸업
서울아산병원 인턴 수료
서울아산병원 가정의학과 레지던트 수료
국립정신건강센터 정신건강의학과 레지던트 수료

광진구 정신건강복지센터 상담의 역임
보건복지부 국가트라우마센터 파견의 역임

대한신경정신의학회 정회원
대한불안의학회 정회원
대한노인정신의학회 정회원
대한정서인지행동의학회 평생회원

재난정신건강 심리적 응급처치 교육과정 이수
국민건강보험 금연치료 의료인 교육 이수
치매특별등급 의사소견서 발급 교육 수료","","0"
"911721c2255e4de98a827a5f20faf5bd","9c41721ad077460fa6a7419a4b6a6d28","원장 안희영","고신대학고 의과대학 입학/졸업
가톨릭중앙의료원 인턴 수료
가톨릭중앙의료원 정신건강의학과 레지던트 수료

세종병원 정신건강의학과 과장 역임
정담정신건강의학과 부원장 역임

대한신경정신의학회 정회원
대한불안의학회 평생회원
 
한국정신분석학회 심층정신치료 고급과정 수료
대한불안의학회 불안장애 심층치료과정 이수
한국정신분석학회 <Brief Dynamic Psychotherapy Workshop> 이수
한국정신분석학회 <Psychoanalytically informed Supportive Psychotherapy Workshop> 이수
치매특별등급 의사소견서 발급 교육 이수
국민건강보험 금연치료 의료인 교육 이수","","0"
"911721c2255e4de98a827a5f20faf5bd","084af676dce44743a406b1a9653f5d49","원장 오다혜","건국대학교 의학전문대학원 의무석사 입학/졸업
University of Rochester 생물학과 졸업
건국대학교병원 인턴 수료
건국대학교병원 정신건강의학과 레지던트 수료

성북구 정신건강복지센터 상담의 역임
성북구 정신건강복지센터 정신건강관리 교육 담당의 역임
건국대학교 의학전문대학원 정신건강의학 임상실습 교육 담당의 역임

대한신경정신의학회 정회원
대한불안의학회 정회원
대한노인정신의학회 정회원
대한정신신체의학회 평생회원
대한수면의학회 정회원

한국정신분석연구원 정신분석적 정신치료 기초교육과정
의료인 금연진료 교육과정 이수
치매특별등급 의사소견서 발급 교육 수료","","0"
"a994c561ad2543208265fcf97c8bcac8","20df04b4a66140a1b0f4ec12f97a8f8e","원장 이주현","학력 및 경력

- 한림대학교 의과 대학 및 동 대학원 졸업
- 강동성심병원 정신과 레지던트 수련
- 아산시 정신보건센터장, 알코올 상담센터장 역임
- 서울대 소아정신과 임상강사 역임 (2006)
- 아이나래 정신건강의학과 의원 원장
- 멘토 소아청소년 연구소 원장
- 한림의대 정신건강의학과 외래 부교수
- 한국 분석심리학회 총무이사
- 한국 융연구원 전문과정 상임연구원
- 대한신경정신의학회 정회원 및 대의원
- 대한소아청소년정신의학회 회원
- 대한인지행동치료학회 회원
- 대한정서인지행동의학회 정회원
- 대한소아청소년정신의학회 재난과 트라우마 위원회 위원 역임
- 한국자폐스펙트럼 연구회 이사 역임
- 한국자폐학회 이사 역임

저서

- 십대를 위한 9가지 트라우마 회복스킬 (학지사)

역서

- 정신건강을 위한 투쟁 (학지사)
- 별종, 괴짜 그리고 아스퍼거 증후군 (학지사)
- (자폐증 아스퍼거증후군 아동을 위한) 사회성 이야기 158 (학지사)","","0"
"c8ef122c09f84003a7d9a33f07314f44","14785b62ab1d4378a18dc7583e7d3916","원장 박서연","정신건강의학과 전문의
소아청소년 정신건강의학과 분과 전문의


약력
현) 연세늘봄정신건강의학과의원 원장
현) 대한신경정신의학회 정회원
현) 한국중독정신의학회 정회원
현) 연세대학교 의과대학 정신과학교실 외래부교수(2024.3~2026.2)
현) 서울인간관계정신분석연구회 정회원/instructor
전) 서울대학교 정신건강의학과 임상강사
전) 원주세브란스기독병원 임상조교수
전) 신촌세브란스의료원 임상연구조교수
전) 연세대학교 의과대학 소아청소년 정신건강의학과 외래교수(2015.3~2017.2)


전문분야
성인
- 불안, 우울, 스트레스, 중독, 인격장애, 부부 및 가족상담, 정신분석

소아청소년
- ADHD/학습문제, 게임중독, 학교부적응, 정서장애 및 불안장애, 애착문제, 틱장애, 아스퍼거 및 발달장애.","","0"
"c8ef122c09f84003a7d9a33f07314f44","bd4787a958df4dedba5b63683e2067b2","원장 김종선","정신건강의학과 전문의 
서울인간관계정신분석회 정회원


약력
현) 연세늘봄정신건강의학과의원 원장
현) 대한신경정신의학회 정회원
현) 서울인간관계정신분석연구회 정회원/instructor
현) 연세대학교 의과대학 정신과학교실 외래부교수(2024.3~2026.2)
전) 강남세브란스의료원 경계성인격장애를 위한 마음헤아리기 치료 치료자
전) 서울지방병무청 징병검사 전담의
전) 서울성심병원 정신과 과장 


전문분야
대상 : 청소년 & 성인 

우울, 불안, 공황, 불면, 성인ADHD, 성격장애, 대인관계 갈등, 직장 스트레스, 정신분석, 일반상담","","0"
"c8ef122c09f84003a7d9a33f07314f44","b1c4b4a42127401c9422092c6371dc3c","원장 임지영","정신건강의학과 전문의
소아청소년 정신건강의학과 분과 전문의


약력
현) 연세늘봄정신건강의학과의원 원장
현) 대한신경정신의학회 정회원
현) 원주세브란스기독병원 소아청소년 정신건강의학과 외래교수
전) 원주시중독관리통합지원 센터 센터장 역임
전) 오은영의원 전임 과장 


전문분야
성인
- 불안, 우울, 스트레스, 중독, 인격장애, 부부 및 가족상담

소아청소년
- ADHD/학습문제, 게임중독, 학교부적응, 정서장애 및 불안장애, 애착문제, 틱장애, 아스퍼거 및 발달장애","","0"
"c8ef122c09f84003a7d9a33f07314f44","0941d371f5f14d7186799da5ccae3d48","원장 김소연","정신건강의학과 전문의
소아청소년 정신건강의학과 분과 전문의


약력
현) 대한신경정신의학회 정회원
현) 대한소아청소년정신의학회 정회원
전) 강남세브란스병원 소아청소년 정신건강의학과 임상강사
전) 서초구 마음건강센터 자문촉탁의


전문분야
성인
- 불안, 우울, 공황, 스트레스, 인격장애, 부부 및 가족상담

소아청소년
- ADHD/학습문제,  게임중독, 학교부적응, 정서 및 불안장애, 애착문제, 틱장애, 아스퍼거 및 발달장애","","0"
"5ce3eada30a2412b904a5ab563128773","ef3e34550c0848e180955583e1ac7167","원장 이우형","/ 정신건강의학과 전문의

삼성의료원
강북삼성병원 정신건강의학과 전문의 취득
대한 신경정신의학회 정회원
대한 정신건강의학과의사회 정회원

불안의학회 심층치료과정 수료
치매진료의사전문화교육 수료

(전) 성균관대학교 정신건강센터 진료
(전) 한국방송공사 KBS 의무실 상담
(전) 국립나주병원 정신건강의학과 전문의
       - 성인클리닉/소아청소년클리닉 진료
       - 소아청소년 입원병동 운영
       - 광주광역시 서구 마음건강주치의
       - 강진군 정신건강복지센터 자문의
(전) 아산병원 정신건강의학과 전문의
       - 성인클리닉/소아청소년클리닉 진료
(전) 교육부 Wee센터 자문의","","0"
"1ece20f3098241e4804df820570373ee","48766522f9464d4683af2cbf6b50d632","원장 신우용","정신건강의학과 전문의
1성균관대학교 의과대학 졸업
2성균관대학교 대학원 석사 졸업
3삼성서울병원 정신건강의학과 전공의 수료
4삼성서울병원 정신건강의학과 외래 교수
5전) 국군일동병원 정신건강의학과 과장
6전) 연세서울병원 정신건강의학과 과장
7대한신경정신의학과 정회원","","0"
"e2096762a7f946a5acdb8f7f3cc77ae0","82d875f16a3147aeb6b318dda6402563","원장 김기창","약력
서울대학교 의과대학 정신과학교실 동문
분당서울대학교병원 정신건강의학과 전문의
메디플렉스 세종병원 정신건강의학과 과장
강연'우리 아이도 상처가 있을까? 자녀 마음 들여다보고 치유하기'
Intensive Treatment Training Course for Anxiety Disorders '불안장애 심층치료' 수료
대한불안의학회 정회원
대한신경정신의학회 정회원
대한노인정신의학회 정회원
대한소아청소년정신의학회 정회원
수상경력및학술연구
KOMOGEN-D(한국인의 우울증 유전자 연구)
제11회 Cognition, Sleep, Mood and Stree(COSMOS) 지상학술상
Neurocognitive Profiles of Emotion Regulation in Bipolar Disorder
Disability of Cognitiveand Empathy in Schizophrenia","","0"
"086f5ce706ae4a1db9d76130ea5b4ebd","ce72212916c344ada84e2d3a525551fb","원장 이주희","학력 및 경력
정신건강의학과 전문의
서울아산병원 인턴 수료
서울아산병원 정신건강의학과 전공의 수료 및 전문의 취득
뉴욕정신분석협회 (NYU 의과대학 부설기관) 정신분석적 정신치료 과정 수료
(Psychoanalytic Association of New York, IPE, PANY) (2021-2023)
전) 서울아산병원 정신건강의학과 전임의 (임상강사)
전) 서울아산병원 수면 클리닉 진료의 및 수면다원검사 판독의
전) 서울아산병원 대학원 수면 강의
전) 서울아산병원 스트레스상담센터 진료의
전) 송파정신건강복지센터 자문의
전) 선릉숲정신건강의학과의원 원장
한국정신분석학회 정신치료 전문과정 : 집중정신치료 수료
한국정신분석학회 정신분석적 정신치료 Master class 수료
대한불안의학회 불안장애 인지행동치료 심층과정 수료
정신신체의학 전문가 과정 수료
보건복지부 치매진료 의사 전문화 교육 이수
수면다원검사 교육이수자
EFT 정서중심적부부치료 externship 수료
EMDR Training Course 과정
자격 및 수상경력
대한신경정신의학회 정회원
대한수면학회 정회원
대한불안의학회 정회원
한국정신신체의학회 정회원
대한비만학회 정회원
대한신경정신의학회 연구 학술상 수상
대한신경정신의학회 우수연구 포스터 수상
서울아산병원 의무기록 우수 전공의 우수상 수상
Asan Medical Center 표창장 수상","","0"
"c90d3efb4b59455c8c51fcc0f20a5e7d","b61670eed8b0415791d3e041f7c22f14","백아영","정신건강의학과 전문의
한양대학교 의과대학 졸업
한양대학교 대학원 의학과 석사 졸업
한양대학교병원 정신건강의학과 전공의 수료
한양대학교 소아정신과 전임의
전) 성동교육청 wee 센터 자문의
전) 우리성심정신건강의학과 과장
전) 예사랑병원 정신건강의학과장

대한신경정신의학회 정회원
대한소아청소년정신의학회 정회원
대한불안의학회 정회원
대한수면학회 정회원
한국직무스트레스 학회 정회원

EMDR Basic Training Course 수료
보건복지부 치매 진료의 전문화 교육 이수
치매 특별등급의사소견서 발급교육 이수","","0"
"c90d3efb4b59455c8c51fcc0f20a5e7d","1df8493548ec41cc90de1b6cb95f29d0","민정원","정신건강의학과 전문의
연세대학교 원주의과대학 졸업
원주기독병원 정신건강의학과 전공의
경희대학교 소아청소년정신건강의학과 전임의
경희대병원 소아청소년정신과 임상강사
전) 영화병원 정신과 과장
전) 연세주니어 정신과의원(수원) 진료과장
전) 해솔 정신과의원 진료과장
전) 경기도립정신병원 진료과장

대한신경정신의학회정회원
대한소아청소년정신의학회정회원
보건복지부 치매 진료의사 전문화 교육이수
치매 특별등급 의사소견서 발급 교육 이수","","0"
"c90d3efb4b59455c8c51fcc0f20a5e7d","230aa219946045ffb621f7fecf7349bc","손태혜","정신건강의학과 전문의
건양대학교 의과대학 졸업
충남대학교 의과대학 의학과 석사 수료
충남대학교 병원 정신건강의학과 전공의
세종충남대학교병원 정신건강의학과 전임의
고려대학교 안암병원 정신건강의학과 임상강사(수면의학)

대하신경정신의학회 정회원
International Society for Bipolar Disorder(ISBD) 정회원
조울정서연구회 (ISBD Korea) 정회원
대한정서인지행동의학회 평생회원
대한불안의학회 정회원
대한수면의학회 정회원

수면다원검사 정도관리위원회 수면인증의
한국정신분석학회 정신치료 전문과정 수료
대한불안의학회 불안장애 심층치료과정 수료
대한소아청소년정신의학회
대한성인 ADHD연구회 성인 ADHD 진단 및 치료를 위하 교육 워크샵 Advanced 과정(치료) 수료
한국 EMDR Institute 공인 EMDR 1단계 기본 수련
대한신경정신의학회 인증 지도전문의
2023년도 대한신경정신의학회 춘계학술대회 우수포스터 수상","","0"
"28729aac722a4de199c5db62929ed33d","172d2a72a81b44eab7651bb0b74a8147","원장 이도원","이도원 원장
정신건강의학과 전문의

 
 학력 및 주요경력
이화여자대학교 최우등 졸업
이화여자대학교 의학전문대학원 석사
이화여자대학교 부속 목동병원 인턴
국립정신건강센터 전공의 수료
전) 삼성마음숲정신건강의학과 부원장

 자격 및 연수
대한신경정신의학회 정회원
대한불안의학회 정회원
대한수면의학회 정회원
한국여성정신의학회 정회원
국립정신건강센터 우수 전공의상 수상","","0"
"28729aac722a4de199c5db62929ed33d","2a5ed194dc9b4004bc78f591742aca14","원장 조윤지","조윤지 원장
정신건강의학과 전문의

 
 학력 및 주요경력
고려대학교 졸업
고려대학교 의학전문대학원 석사
삼성서울병원 인턴 수료
삼성서울병원 정신건강의학과 전공의 

 자격 및 연수
정신건강의학과 전문의
대한신경정신의학회 정회원
대한정서인지행동의학회 평생회원
대한불안의학회 정회원
캐나다 온타리오 London Health Sciences Centre 및 Parkwood Institute 연수
대한소아청소년정신의학회 성인 ADHD 진단 및 치료를 위한 교육 워크샵 Advanced 과정 수료
삼성서울병원 정신건강의학과 우수 전공의상 수상
삼성서울병원 정신건강의학과 연구 우수 전공의상 수상
2022년 대한조현병학회 춘계학술대회 우수 포스터 논문상 수상","","0"
"28729aac722a4de199c5db62929ed33d","ddd4d3cbf5ba400ca4573a3932f5e85a","원장 한동균","한동균 원장
정신건강의학과 전문의

 
 학력 및 주요경력
서울대학교 의과대학 대학원 의학과 박사 수료
서울대학교병원 정신건강의학과 임상강사
서울대학교병원 입원 2차진단 전문의
고려대학교병원 입원 2차진단 전문의
종로구 치매안심센터 부센터장
노원구 치매안심센터 진료 전문의

 자격 및 연수
정신건강의학과 전문의, 지도전문의
대한신경정신의학회 정회원
서울대학교병원 진료협력의사
한국정신분석학회 심층정신치료 고급과정
한국정신분석학회 정회원
한국직무스트레스학회 정회원
대한불안의학회 정회원
대한불안의학회 불안장애 심층치료 과정 수료
대한노인정신의학회 노인정신건강 인증의
대한수면의학회 평생회원","","0"
"b6ae938a87cd49f98e2c09dcc7c97f01","b120a9b432064ea7b78efb2b49a09949","원장 서승우(확인필요)","경희대학교 의과대학 졸업
정신건강의학과 전문의
대한신경정신의학회 정회원
대한정신건강의학회 정회원
대한수면의학회 평생회원
대한노인정신의학회 정회원","","0"
"27a489aeca7441c593a0d6ac4235361c","8b9804fe71be493ebc40a29d53ba2def","류수미","서울아산병원 정신건강의학과 전공의 수료
서울아산병원 수련의 수료
이화여자대학교 의학전문대학원 졸업
서울아산병원 우수 전공의 표창장
서울아산병원 의무기록  우수상

대한신경정신의학회 정회원
한국정신분석학회 정신치료 단기과정 수료","","0"
"27a489aeca7441c593a0d6ac4235361c","ec2bbc02fe7246b88457fa6074b92b4d","임미루","인하대병원 정신건강의학과 전공의 수료
인하대병원 수련의 수료
인하대학교 의과대학 졸업
전) 베이직병원 진료과장
전) 성은병원 진료원장
대한신경정신의학회 정회원","","0"
"27a489aeca7441c593a0d6ac4235361c","135a296c595e49d2a6d353bd6c7e12db","신진","분당서울대학교병원 노인정신의학 전임의
건국대학교병원 정신건강의학과 전공의
고려대학교 의료원 수련의
고려대학교 의과대학 학사(최우등 졸업)​
대한신경정신의학회 정회원 및 지도전문의

대한노인정신의학회 정회원
전)성북구 치매안심센터 촉탁의
한국정신신체의학회 우수 포스터상
건국대학교병원 우수 의무기록상","","0"
"27a489aeca7441c593a0d6ac4235361c","4abceda4bacd45ecb0bb878cd7fdca66","박지웅","삼성서울병원 삼성융합의과학원 박사과정
뉴욕 Manhattan Psychiatric Center 연수
인제대학교 상계백병원 정신건강의학과 전공의
삼성서울병원 Digital Health Hackathon 대상
정신건강의학과 전공의 수행평가 전국수석
국립암센터 정신종양학 전문과정 우수상
전)건대하늘정신건강의학과 원장
전)서울지방병무청 신경정신과 병역판정 전담의사

대한신경정신의학회 정회원
나눔정신과 인지행동/스키마치료 전문가 수료
한국정신분석학회 정신치료 전문과정 수료
대한불안의학회 불안장애 심층치료과정 수료","","0"
"27a489aeca7441c593a0d6ac4235361c","d22e3b17b918415996229c98b4eb2407","김민지","영남대학교 의과대학 학사/석사
영남대학교 의료원 정신건강의학과 전공의
전) 시몬정신건강병원 진료과장
전) 칠곡군 청소년통합 지원체계 운영위원 및 학교폭력대책 지역협의회 위원
전) 동서울 정신건강의학과 부원장
전) 미주병원 진료부장

대한신경정신의학회 정회원
세계정신의학회 CME credit 수료
한국정신분석학회 정신치료 전문과정 수료","","0"
"7825d9ea25b54ab48b9fe0c1057301c2","42e1690621954ae18c7ab87e66e58573","원장 황소영","약력
정신건강의학과 전문의

성균관대학교 의과대학 강북삼성병원 임상조교수

강북삼성병원 기업정신건강연구소 근무

삼성전자 화성캠퍼스 마음건강클리닉 진료


대한신경정신과학회 정회원

한국정신분석학회 정회원

한국정신분석학회 정신분석적 정신치료 심층반 수료

대한불안의학회 정회원

대한불안의학회 불안장애 심층치료과정 수료

대한소아청소년정신건강의학회 평생회원

대한명상의학회 평생회원","","0"
"af29ac746dd945d8a40ed7d85eaaea6b","9c11588201c24e82a77e6edd328bfb5b","원장 신지영","정신과 전문의
소아청소년정신과 전문의
삼성서울병원 정신과 외래교수
삼성인지감성연구소 고문
삼성서울병원 성균관대학교 정신과 전공의 수료
삼성서울병원 성균관대학교 소아청소년정신과 전임의수료
삼성서울병원 성균관대학교 정신과 임상강사 역임
전) 서울시 강동 교육청 청소년 상담센터 특별 상담 위원
전) 성균관대학교 보건소 상담의
전) 관악구 정신보건센터 임상 자문의사
전) 수지용인 정신과 진료
전) 서울특별시 어린이 병원 진료
현) 대한 신경정신의학회 정회원
현) 대한 소아청소년정신의학회 정회원
현) 대한 자폐스펙트럼연구회 정회원
현) 국민연금공단 장애심사센터 자문의사","","0"
"7124b32b02b349b69b209549d6276e85","8262e6f8f83241a8bc2d327fee26e9d2","대표원장 나은진","학력
고려대학교 학부 졸업
전북대학교 의학전문대학원 졸업
성균관대학교 의과대학 박사 졸업
삼성서울병원 임상강사 및 연구강사
경력
전) 중앙심리부검센터 부센터장
전) 중랑구 정신건강복지센터 센터장
전) 서울광역센터 Medical director
전) 서울의료원 과장
전) 서울의료원 생명존중 위기대응센터 센터장
전) 서울의료원 권역정신응급센터 부센터장
학회활동
대한신경정신의학회 정회원
대한정신분석학회 정회원
대한생물정신의학회 정회원
대한청소년정신의학회 정회원
대한노인정신의학회 정회원","","0"
"9dd4283174bd4cdf9d2575af3144b532","26980aad00644ead90081f4774530bb9","원장 이혜숙","정신건강의학과 전문의
소아청소년정신과 전문의
대한 노인정신건강의학회 인증 전문의
서울 대학교병원 소아청소년 정신과 임상강사
시립 은평병원 소아청소년 정신과 과장
국립 서울병원 정신과 전공의 수련

대한 신경정신의학회 정회원
대한 노인정신의학회 정회원
대한 소아청소년정신의학회 정회원
아동정신치료 의학회 정회원","","0"
"9dd4283174bd4cdf9d2575af3144b532","702144cf2b734dde85e7914c4725ad72","원장 안길준","정신건강의학과 전문의
국제 정신분석학회 IPA KPSG 정신분석가 과정 졸업
한국 정신분석학회 심층정신치료 고급과정 졸업
국립 서울병원 일반 정신과, 재활정신과 교육병동장
국립 서울병원 정신과 전공의 수련
경희대학교 의학과 졸업

대한 신경정신의학회 정회원
국제 정신분석학회 공인 정신분석가 IPA Direct Member
한국 정신분석학회 정회원
안 정신분석학회 정회원","","0"
"2aa98cb04b1141af90738c92d65256fb","62d349790a1e4744acf74e5b842ea7d9","원장 김현도","","","0"
"6e8354cd6d9940f1b2615970716a6565","adc3f80c06fa4bfcacae8bed82546842","원장 고한석","정신건강의학과 전문의
가톨릭대학교 의과대학 졸업
서울성모병원 정신건강의학과 전공의
대한 신경정신의학회 정회원
대한 불안의학회 정회원
가톨릭대학교 의과대학 정신과학교실 외래조교수

저서: 마음 독립, 스스로 나를 선언하다
         (2019, 이더레인)","","0"
"6e8354cd6d9940f1b2615970716a6565","bea2009634d143669ab38d4997135310","원장 여진영","정신건강의학과 전문의
소아청소년정신과 전문의
서울대학교병원 소아청소년정신과 임상강사
서울아산병원 인턴 및 정신건강의학과 전공의 수련
한양대학교 의과대학 졸업
서울아산병원 정신과 외래교수/ 임상자문의
대한신경정신의학회 정회원
대한소아청소년정신의학회 정회원
대한분석치료학회 정회원
아동정신치료학회 정회원

전 국민연금공단 자문의
전 서울시 동대문구 교육청 청소년상담센터 상담의","","0"
"91967d42410c4b06936bfa764fede685","7b6244d669ba4be7850a209a3cc63efc","대표원장 이현정","정신과 전문의
소아청소년 정신과 전문의
정신건강의학과 전문의
소아청소년 정신건강의학과 전문의
서울아산병원 소아청소년정신과 임상강사 수료
서울아산병원 정신건강의학과 외래교수
뉴욕 Columbia 의과대학 정신분석센터 부모유아 정신치료 과정 수료
뉴욕 Contemporary Freudian Society 성인 및 소아청소년 정신분석가 과정 수료
대한신경정신의학회 정회원
한국정신분석학회 정회원 / 소이사
아동정신치료의학회 정회원 / 교육간사
대한소아청소년정신의학회 정회원 / 전) 기획간사,홍보위원
대한청소년정신의학회 정회원 / 전) 학술위원
놀이, 그 경이로운 세계, 마음이 자란다 (학지사, 2013) 아동정신치료의학회 공동번역 출판
아이들이 사회를 만날 때 (글항아리 2021) 대한소아청소년정신의학회 공저","","0"
"91967d42410c4b06936bfa764fede685","cffd07616515475ea6390e7c3517feeb","원장 정동연","정신과 전문의
정신건강의학과 전문의
서울아산병원 인턴 수료
서울아산병원 정신건강의학과 전공의 수료
연세대학교 의학전문대학원 의학과 석사
서울대학교 재료공학부 수석 졸업
전) 서울아산병원 스트레스상담센터 진료의
전) 송파구정신건강복지센터 자문의
대한신경정신의학회 정회원
대한불안의학회 정회원
대한수면의학회 정회원
서울아산병원 정신건강의학과 우수연구상","","0"
"55445ae22f814eb392fe6980154a2293","113d553650634a75acdc330835ff7e52","박사 이유진","한방신경정신과 전문의 이유진 박사
한의사 국가고시 전국 수석 (제66회 한의사 국가고시) [수석 확인]
전문의 시험 전국 수석 (제 15회 한방신경정신과 전문의 시험)
前) 한음 한방신경정신과한의원 강남본점 진료원장

전문의 / 한방신경정신과 [전문의 확인]
한의학 박사 / 원광대학교 한의과대학 신경정신과
한의사 / 세명대학교 한의과대학
전문수련의 / 서울 동서한방병원
일반수련의 / 서울 동서한방병원

정부서울청사 진료실
서울지방국세청 진료실
동서한방병원 치매센터 / 소아청소년 뇌신경센터

한의임상진료지침 개발위원
한방 신경정신과학회 평생회원
한방 소아과학회 평생회원
대한한의사협회 정회원
대한스트레스학회 정회원","","0"
"35a40126d0694c29b381567bd5725a3f","6bedb6717d7f45d6a9d6fb1a29060dd1","원장 이근덕","- 정신건강의학과 전문의 / 의학박사

- 한양대학병원 외래교수

- 경희대학병원 외래교수

- 순천향대학병원 외래교수

- 숙명여대 대학원 외래교수

- 서울여대 대학원 외래교수

- 한국범죄피해자 지원센터 운영위원

- 정신과 개원의 협의회 회장 역임

- 한국임상성의학회 학술부장 역임","","0"
"db63b4461b544598a14d90b94d431f5b","db38786ce3184ea78c64406d0796b0b8","원장 신원철","약력
연세대학교 의과대학 졸업
연세대학교 의료원 신촌세브란스 병원 수련의 과정 수료
연세대학교 의료원 신촌세브란스 병원 정신과 전공의 과정 수료
연세대학교 의료원 강남세브란스 병원 소아청소년 정신과 강사
성인 정신과 전문의
소아청소년 정신과 전문의
(현)연세대학교 의과대학 외래 교수
(현)세브란스 병원 소아정신과 지도감독 전문의(supervisor)
(현)성균관대학교 의과대학 외래 교수
(현)삼성서울병원 소아정신과 지도감독 전문의(supervisor)
경력 및 자격
대한 신경정신의학회 정회원
대한 소아청소년정신의학회 정회원
대한 청소년 정신의학회 정회원
대한 최면의학회 회원
한국 EMDR 학회 정회원 / EMDR 치료 전문가
대한 부부가족치료 연구회
SBS '우리 아이가 달라졌어요' 자문의
SBS '긴급출동 SOS24' 자문의
MBC 생방송 오늘 아침 '新 육아전쟁! 악동길들이기' 자문의
MBC 생방송 오늘아침 '위기의 가족, 화해의 기술' 자문의
재능방송 JEI '좋은 아빠 만들기 프로젝트' 고정출연
서울시 강남교육청 청소년 상담센터 특별상담위원
성폭력 피해아동을 위한 해바라기 아동센터 진료담당
저서 BOOKS
저서 : 엄마는 답답해 / 그림으로 풀어보는 아이 심리 백서
공저 : 소아정신의학 / 전문가를 위한 소아정신의학 교과서
역서 : 애착중심가족치료 / 저자 : Daniel Hughes / 역자 : 노경선, 신원철 외","","0"
"db63b4461b544598a14d90b94d431f5b","a6221fa3a7ca494b854897d531bb2c06","원장 이슬비","약력
연세대학교 의과대학 졸업
연세대학교 의료원 신촌세브란스 병원 수련의 과정 수료
연세대학교 의료원 신촌세브란스 병원 정신과 전공의 과정 수료
연세대학교 의료원 신촌세브란스 병원 소아청소년 정신과 전임강사
연세대학교 의료원 신촌세브란스 병원 정신과 임상연구조교수
성인 정신과 전문의
소아청소년 정신과 전문의
국민건강보험 일산병원 정신과 전임강사
노인 정신과 분과 전문의
(현)연세대학교 의과대학 외래 교수
(현)세브란스 병원 소아정신과 지도감독 전문의(supervisor)
경력 및 자격
대한 신경정신의학회 정회원
대한 소아청소년정신의학회 정회원
미국 소아청소년정신의학회 회원
한국 EMDR 학회 정회원 / EMDR 치료 전문가
(전) 신촌 세브란스 병원 발달장애 전문 클리닉 담당의
(전) 신촌 세브란스 병원 소아암센터 전문 클리닉 담당의
(전) 성폭력피해아동을 위한 해바라기 아동센터 진료담당
(전) 서울시 서대문구 정신건강센터 성인/청소년 심리치료 및 의료 지원 담당의
(전) 고양시 정신건강센터 성인/청소년 심리치료 및 의료 지원 담당의
주요 논문
(1)Theory of Mind as a Mediator of Reasoning and Facial Emotion Recognition: Findings from 200 Healthy People: Psychiatry Investigation:
(2)Pragmatic Language Deficits in High functioning children with Autism Spectrum Disorder:Assessment through Korean Autism Social Language Task: YMJ
(3)Differences of obstetric complications and clinical characteristics between autism spectrum disorder and intellectual disability: psychosomatic medicine
(4)2013년 및 2014년: annual meeting of AACAP(미국 소아청소년 정신의학회)논문 발표","","0"
"8fa90f9619f3422db786afbe0e3d419e","bbad60b78b554d98b524992e2300b4af","대표원장 차승근","약력 및 활동
서울대학교 의과대학 졸업
서울대학교병원 인턴
서울대학교병원 정신건강의학과 레지던트
국립공주병원 정신건강과 전문의
코슬립수면의원, 여의도힐정신건강의학과 전문의
(현) 서울 뜰 정신건강의학과의원 원장
대한신경정신의학회 정회원
대한불안의학회 정회원
대한노인정신의학회 평생회원
대한수면의학회 평생회원
대한청소년정신의학회 정회원
치매특별등급 의사소견서 발급 인증의
(전)국립공주병원 정신보건간호사 수련과정 사례관리 지도교수
금연진료상담 의료인
논문
Effects of Combined Treatments of Lithium and Valproate on the Phosphorylation of ERK1/2 and Transcriptional Activity of ELK1 and C-FOS
- 대한생물정신의학회, 2013
Effects of clozapine, haloperidol, and fluoxetine on the reversal of cocaine-induced locomotor sensitization.
- Psychiatry Investigation, 2013","","0"
"8fa90f9619f3422db786afbe0e3d419e","6ed4196a333e4f8c881d449cdefe359b","원장 정보라","약력 및 활동
정신건강의학과 전문의
한양대학교 생명과학과 졸업
이화여자대학교 의학전문대학원 의학과 석사 졸업
가톨릭관동대학교 국제성모병원 인턴 수료
국립정신건강센터 정신건강의학과 레지던트 수료
대한신경정신의학회 정회원
대한불안학회 평생회원
대한정서인지행동의학회 평생회원
한국분석심리학회 분석심리학 기초강좌 이수
한국정신분석학회 전공의를 위한 정신분석적 정신치료 이수
한국정신분석학회 정신치료 전문과정 이수
대한정서인지행동의학회 워크샵 수강

논문
A Study on the Mental Health and Burnout of Medical Staff Responding to the Coronavirus Disease 2019 (2023, 신경정신의학)","","0"
"350779207f714f80b7acba00b7c673e3","dd8287f5f3bb49f9b7b8b23bc72352ac","원장 이혜원","-정신건강의학과 전문의
-가톨릭중앙의료원 인턴, 정신건강의학과 전공의
-가톨릭대학교 의과대학원 의학석사 (TMS 연구)
-분당서울대병원 정신건강의학과 수면의학 전임의
-전 지앤지병원 수면클리닉 원장
-가톨릭중앙의료원 정신건강의학과 외래교수
-국제 정량화 뇌파 전문가 QEEG-D (QEEG 임상의 자격 취득)
-정도관리위원회 수면다원검사 인증의
-대한 뇌자극학회 정회원
-대한 수면학회, 대한 수면의학회 정회원
-대한 불안의학회 정회원
-대한 우울조울병학회 정회원
-정량뇌파뉴로모둘레이션연구회 정회원
-현 이지브레인송파 정신건강의학과 원장
-현 이지수면센터 대표","","0"
"0ee293b342dd4b26bb1658a5edcae9d4","3530a31d158343d0b1b9368ef44f825d","원장 신석호","가톨릭의대 졸업
강남성모병원 정신과 수련
정신과 전문의 취득
미국 New York University Medical Center 소아/청소년 정신과 자폐증 연구
미국 Boston University Medical Center 소아/청소년 정신과 전문의 과정 수료
삼성서울병원 외래교수
삼성서울병원 소아/청소년 저신과 전임의 교육 담당
한국정신분석학회 학술이사","","0"
"656e7bf5d0d941979f54e5874d48cbd4","1914854e650c4195a8dcbbb9b234ba66","원장 이종호","약력
정신건강의학과 전문의

연세대학교 의과대학 졸업

연세대학교 대학원 의학과 석사 졸업

연세대학교 세브란스 병원 정신건강의학과 전공의 수료

대한신경정신의학회 정회원

前 낮병동협의회 회장

前 정신과의사회 정책위원, 공보이사, 자문위원


저서 및 번역서
「그 남자를 사랑해도 될까요?」

「2% 더 행복한 마음비타민」

「인지치료에 대해 알고싶은 100가지」 공역","","0"
"71c4724d34c443f89b0ffa2d48c4805f","2fe3f727c429446db895ad1514d77cc1","원장 서동수","정신건강의학과 전문의/의학박사
소아청소년정신과 전문의
중앙대학교 의과대학 외래교수

현) 
대한신경정신의학회 정회원
대한 소아청소년정신의학회 정회원
대한자폐스펙트럼연구회 회장
중앙장애아동발달장애인지원센터 자문위원
발달장애인부모상담지원사업 전문가위원
한국자폐인사랑협회 전문상담위원
행동분석학회 이사

전)
서울특별시어린이병원 (2004년~2021년)
한국자폐학회회장(2018년~2019년)
대한소아청소년정신의학회 학교건강위원회 이사
대한 청소년학회 학술이사
밀알학교 육영학교 등 특수학교 자문
서울특별시 특수교육위원회 위원
금천구 아이존 자문위원
서울특별시 발달장애인지원센터 자문위원
장애판정 관련 국민연금공단 자문의사 
서울시소아청소년정신보건센터 자문위원
발달장애인법 및 행동발달증센터 법제정 자문
제 9회 자폐인의 날을 맞이하여 보건복지부 장관 표창장
한국자폐학회 소천논문상 수상","","0"
"54686875c6174ffa91debfdbd6c8fbca","944bba4cc961458ab8a62d4680d52935","원장 국소담","연세대학교 의과대학 및 동대학원 졸업
연세대학교 세브란스병원 정신건강의학과 
전공의 
연세대학교 세브란스병원 소아정신과 전임의/임상연구교수

명지병원 진료교수/소아청소년 정신건강센터장
경기 북서부 해바라기센터 소장

강북삼성병원 기업정신건강연구소 임상교수
삼성그룹 마음건강클리닉

목동 연세누리정신건강의학과 부원장

대한신경정신의학회 정회원
대한소아청소년정신의학회 정회원 
부부가족치료연구회
직장정신건강연구회
대한불안의학회 불안장애 심층치료과정","","0"
"de8f940f5bad4551a7bd51f4b690a3c9","8c0edf6f88f04d4eb1dc4dde8befca44","원장 김재원","학력 및 경력사항
정신건강의학과 전문의
대한노인정신의학회 인증의
한국정신신체의학회 인증의
인제대학교 의과대학 및 동대학원 졸업
서울백병원 정신건강의학과 전공의 수련
대한신경정신의학회 정회원
대한정서인지행동의학회 평생회원
대한노인정신의학회 평생회원/인증의
한국정신신체의학회 평생회원/인증의
EMDR 학회 정회원","","0"
"18b9b8b065cc4239ad2eecffe93b4c27","41b66b7c0f214691b71bd89fae759854","원장 정현","정신건강의학과 전문의
대한노인정신의학회 노인정신건강 인증의

분당서울대학교병원 임상강사
대한신경정신의학회 정회원
대한정신건강의학과의사회 정회원
한국정신분석학회 심층저신치료 고급과저 수료
한국정신분석학회 정신치료 전문과정-<Psychotherapy Step-up Course>수료
대한조현병학회 정신병 인지치료 워크샵 수료
대한불안의학회 심층교육과정 수료","","0"
"c91030a9c4c149adae92d694061e04d1","64174d837ee84944bb362799bde36e7e","원장 김양석","- 의학박사/정신건강의학과 전문의/한양대학교 의과대학 졸업
- 한양대학교병원 소아청소년 정신건강의학과 전임의
- 샌디에고 정신분석 센터 성인 및 소아청소년 정신분석가 4년 과정 수련
- ICP (Institute of Contemporary Psychoanalysis) in LA Saturday Series 2년 과정 연수
- Western Consortium of Child Program 연수
- Hanna Fenichel Center Child Observation and Supervision by Calvin Colarusso, M.D.
- Marsha Linehan DBT (Dialectical Behavior Therapy) workshop
- EMDR International part I Training 수료
- EMDR International Part II 수료
- Child EMDR workshop 수료
- Grief Work with EMDR 수료
- 한국정신분석학회 심층정신치료 고급훈련 과정 졸업
- 대한 아동청소년 정신치료의학회 심화과정 졸업
- 전) 서울특별시 성동교육청 청소년 상담센터 특별상담원
- 전) 대한소아청소년정신의학회 대외협력위원회 간사
- 전) 한국정신분석학회 학술위원
- 국제정신분석학회 (International Psychoanalytic Association) 회원
- 미국 정신분석학회 (American Psychoanalytic Association) 회원
- 국제 소아정신분석학회 (Association for Child Psychoanalysis) 회원
- 대한신경정신의학회 회원
- 대한소아청소년정신의학회 회원
- 한국정신분석학회 회원
- 한국 정신분석학회 윤리위원회 간사
- 국제 EMDR 협회 공인 치료자","","0"
"1736f896d9ec46a49955f4bedfbe6d67","6246de00f35e467c9d411e4c7febf344","대표 원장 전숙향","정신건강의학과 전문의

· 전남대학교 졸업
· 정신건강의학과 전문의
· 현) 개포숲정신건강의학과의원 대표원장
· 전) 해수소중한아이정신건강의학과의원
· 전) 인화병원
· 전) 블레스병원
· 전) 예수병원
· 강남서초아동학대 자문의
· 삼성서울병원 연수
· 대한정신건강의학회 정회원
· 대한소아청소년의학회 평생회원
· 대한 청소년정신의학회 평생회원
· 대한불안의학회 불안장애 심층과정 수료
· 인지행동 도식치료과정 수료
· 보건복지부 치매 진료의사 전문화 교육 수료
· 노인장기요양 5등급 의사소견서 발급교육 수료
· 대한비만미용치료학회 연수","","0"
"89b30ba8898c45ec894665e6b8571a9c","aeb2ecc7cc1941efb494a0412d96ede7","원장 김재옥","학력/경력
충남대학교 의과대학 졸업
국립공주병원 정신건강의학과 전공의 수료
대한신경정신의학회 미래전략특별위원
근로복지공단 자문의
전) 국립정신건강센터 임원적합성심사위원회 위원장/위원
전) 국립공주병원 정신건강의학과 외래교수
전) 새로온기독병원 정신건강의학과 과장
전) 국군의무본부 역학부장 부서장 심의위원 및 참/공군 의사

자격
대한신경정신의학회 정회원
대한소아청소년정신의학회 정회원
대한정신분석학회 정회원
대한수면의학회 정회원
부부가족치료전문가 교육과정 수료
EMDR Basic Training Course 수료
METTA Academy Training Course 수료(인지행동치료)","","0"
"89b30ba8898c45ec894665e6b8571a9c","a284f418e89041acb930f5fc4884ac44","원장 조윤정","학력/경력
이화여자대학교 의과대학 졸업
이화여자대학교 의과대학 석사 졸업
가톨릭 중앙의료원 정신건강의학과 전공의 수료 
이대목동병원 정신거강의학과 외래교수

전) LPJ 마음건강의원 원장
전) 홍익병원 정신건강의학과 진료과장 

자격
대한신경정신의학회 정회원
대한불안의학회 평생회원
대한영상의학회 평생회원
대한스트레스학회 정회원
 
대한불안의학회 불안장애 심층치료과정 수료
대한명상의학회 마음챙김명상 지도의 워크숍 수료
치매진료의사 전문화 교육과정 수료","","0"
"89b30ba8898c45ec894665e6b8571a9c","13384601a3b040aa9c494d4aa8412468","원장 박진완","학력/경력 순천향대학교 의과대학 졸업 서울순천향대학병원 정신건강의학과 수료 전) 정신장애인직업시설 소록라인 상담의 전) 용산구보건소 정신건강 상담의 전) 국군 지상작전사령부 역학부부서장 심의위원 전) 미래병원 진료과장 자격 대한신경정신의학회 정회원 대한불안의학회 평생회원 대한정신건강의학회 정회원 대한정신약물학회 정회원 대한우울조울병학회 정회원 대한불안의학회 불안장애 심층치료과정 수료","","0"
